Platform,course_id,Institution,Title,Level,Price,Language,Rating,date_reviews
Coursera,machine-learning,Stanford University,Machine Learning,Beginner,49.0,English,5,"May 24, 2020"
Coursera,indigenous-canada,University of Alberta,Indigenous Canada,Intermediate,9.99,English,5,"Sep 06, 2020"
Coursera,the-science-of-well-being,Yale University,The Science of Well-Being,All Levels,0.0,English,5,"Mar 27, 2020"
Coursera,technical-support-fundamentals,Google,Technical Support Fundamentals,Intermediate,9.99,English,4,"Apr 19, 2020"
Coursera,google-cbrs-cpi-training,Google - Spectrum Sharing,Become a CBRS Certified Professional Installer by Google,Advanced,39.99,English,4,"Feb 12, 2020"
Coursera,financial-markets-global,Yale University,Financial Markets,Intermediate,39.99,English,4,"Jun 11, 2020"
Coursera,introduction-psychology,Yale University,Introduction to Psychology,Intermediate,0.0,English,5,"May 30, 2020"
Coursera,python,University of Michigan,Programming for Everybody (Getting Started with Python),Intermediate,59.0,English,5,"Dec 31, 2018"
Coursera,computer-networking,Google,The Bits and Bytes of Computer Networking,Beginner,39.99,English,4,"Sep 25, 2020"
Coursera,ai-for-everyone,DeepLearning.AI,AI For Everyone,All Levels,49.0,English,5,"Jun 10, 2020"
Coursera,python-crash-course,Google,Crash Course on Python,All Levels,9.99,English,4,"Oct 03, 2020"
Coursera,psychological-first-aid,Johns Hopkins University,Psychological First Aid,Advanced,0.0,English,5,"Apr 29, 2020"
Coursera,neural-networks-deep-learning,DeepLearning.AI,Neural Networks and Deep Learning,Intermediate,59.0,English,5,"Oct 26, 2017"
Coursera,what-is-datascience,IBM,What is Data Science?,Beginner,0.0,English,4,"Aug 15, 2019"
Coursera,negotiation-skills,University of Michigan,Successful Negotiation: Essential Strategies and Skills,Advanced,9.99,English,5,"Sep 26, 2016"
Coursera,uva-darden-project-management,University of Virginia,Fundamentals of Project Planning and Management,All Levels,0.0,English,5,"Sep 30, 2020"
Coursera,project-management,"University of California, Irvine",Project Launch,All Levels,49.0,English,3,"Jul 08, 2019"
Coursera,brand,London Business School,"Brand Management: Aligning Business, Brand and Behaviour",Intermediate,39.99,English,5,"Jul 13, 2020"
Coursera,sciwrite,Stanford University,Writing in the Sciences,Intermediate,0.0,English,5,"Jun 19, 2018"
Coursera,food-and-health,Stanford University,Stanford Introduction to Food and Health,Advanced,59.0,English,5,"May 21, 2020"
Coursera,html-css-javascript-for-web-developers,Johns Hopkins University,"HTML, CSS, and Javascript for Web Developers",Intermediate,0.0,English,5,"Jun 20, 2020"
Coursera,excel-essentials,Macquarie University,Excel Skills for Business: Essentials,All Levels,9.99,English,5,"Jul 06, 2020"
Coursera,negotiation,Yale University,Introduction to Negotiation: A Strategic Playbook for Becoming a Principled and Persuasive Negotiator,Advanced,0.0,English,5,"May 15, 2019"
Coursera,everyday-excel-part-1,University of Colorado Boulder,"Everyday Excel, Part 1",Beginner,9.99,English,2,"Sep 14, 2020"
Coursera,learning-how-to-learn,University of California San Diego,Learning How to Learn: Powerful mental tools to help you master tough subjects,Beginner,9.99,English,5,"Oct 27, 2018"
Coursera,gcp-fundamentals,Google Cloud,Google Cloud Platform Fundamentals: Core Infrastructure,All Levels,9.99,English,4,"Oct 18, 2017"
Coursera,wharton-contagious-viral-marketing,University of Pennsylvania,Viral Marketing and How to Craft Contagious Content,Intermediate,0.0,English,5,"Nov 12, 2017"
Coursera,python-data,University of Michigan,Python Data Structures,Intermediate,9.99,English,5,"Jun 06, 2018"
Coursera,private-equity,Università Bocconi,Private Equity and Venture Capital,Beginner,0.0,English,5,"Aug 01, 2020"
Coursera,learn-korean,Yonsei University,First Step Korean,Beginner,0.0,English,5,"Jun 01, 2016"
Coursera,introduction-tensorflow,DeepLearning.AI,"Introduction to TensorFlow for Artificial Intelligence, Machine Learning, and Deep Learning",Advanced,39.99,English,5,"Apr 10, 2020"
Coursera,os-power-user,Google,Operating Systems and You: Becoming a Power User,Intermediate,9.99,English,4,"Oct 06, 2020"
Coursera,open-source-tools-for-data-science,IBM,Tools for Data Science,Advanced,0.0,English,3,"Jun 10, 2020"
Coursera,deep-neural-network,DeepLearning.AI,"Improving Deep Neural Networks: Hyperparameter tuning, Regularization and Optimization",Beginner,59.0,English,4,"Apr 18, 2018"
Coursera,diversity-inclusion-workplace,ESSEC Business School,Diversity and inclusion in the workplace,Beginner,9.99,English,4,"Sep 11, 2020"
Coursera,clinical-trials,Johns Hopkins University,Design and Interpretation of Clinical Trials,Advanced,9.99,English,5,"Apr 07, 2020"
Coursera,visual-elements-user-interface-design,California Institute of the Arts,Visual Elements of User Interface Design,Beginner,0.0,English,5,"Apr 17, 2020"
Coursera,mafash,Università Bocconi,Management of Fashion and Luxury Companies,Beginner,39.99,English,5,"May 15, 2018"
Coursera,pap,Universitat Autònoma de Barcelona,Primeros Auxilios Psicológicos (PAP),Beginner,49.0,Spanish,5,"Jan 27, 2018"
Coursera,social-psychology,Wesleyan University,Social Psychology,Advanced,0.0,English,5,"Jun 22, 2020"
Coursera,project-planning,"University of California, Irvine",Initiating and Planning Projects,Beginner,39.99,English,5,"Feb 24, 2017"
Coursera,computational-thinking-problem-solving,University of Pennsylvania,Computational Thinking for Problem Solving,All Levels,39.99,English,4,"Jul 15, 2020"
Coursera,agile-atlassian-jira,Atlassian,Agile with Atlassian Jira,Intermediate,0.0,English,5,"May 13, 2020"
Coursera,fundamentals-of-graphic-design,California Institute of the Arts,Fundamentals of Graphic Design,Beginner,0.0,English,5,"Apr 04, 2017"
Coursera,user-experience-design,Georgia Institute of Technology,Introduction to User Experience Design,Intermediate,0.0,English,5,"Jul 18, 2020"
Coursera,wharton-marketing,University of Pennsylvania,Introduction to Marketing,Advanced,59.0,English,5,"Mar 19, 2020"
Coursera,python-for-applied-data-science-ai,IBM,Python for Data Science and AI,Advanced,9.99,English,4,"Aug 26, 2019"
Coursera,uva-darden-market-analytics,University of Virginia,Marketing Analytics,Intermediate,9.99,English,5,"May 25, 2020"
Coursera,classification-vector-spaces-in-nlp,DeepLearning.AI,Natural Language Processing with Classification and Vector Spaces,Beginner,9.99,English,5,"Aug 31, 2020"
Coursera,wharton-quantitative-modeling,University of Pennsylvania,Fundamentals of Quantitative Modeling,Beginner,0.0,English,4,"Dec 16, 2019"
Coursera,linear-algebra-machine-learning,Imperial College London,Mathematics for Machine Learning: Linear Algebra,All Levels,9.99,English,4,"Mar 13, 2019"
Coursera,python-data-analysis,University of Michigan,Introduction to Data Science in Python,All Levels,9.99,English,4,"Sep 26, 2018"
Coursera,wharton-customer-analytics,University of Pennsylvania,Customer Analytics,All Levels,9.99,English,5,"Apr 10, 2016"
Coursera,introduction-psych,University of Toronto,Introduction to Psychology,All Levels,39.99,English,5,"Aug 14, 2020"
Coursera,careerdevelopment,University of Pennsylvania,English for Career Development,Intermediate,0.0,English,5,"Apr 17, 2018"
Coursera,global-diplomacy,University of London,Global Diplomacy – Diplomacy in the Modern World,Intermediate,0.0,English,4,"Apr 03, 2020"
Coursera,sql-for-data-science,"University of California, Davis",SQL for Data Science,Beginner,39.99,English,4,"Jan 03, 2020"
Coursera,professional-emails-english,Georgia Institute of Technology,Write Professional Emails in English,Intermediate,39.99,English,5,"Aug 31, 2018"
Coursera,medical-neuroscience,Duke University,Medical Neuroscience,Advanced,0.0,English,5,"Oct 02, 2017"
Coursera,system-administration-it-infrastructure-services,Google,System Administration and IT Infrastructure Services,Advanced,0.0,English,5,"Jun 05, 2018"
Coursera,womens-health-human-rights,Stanford University,International Women's Health and Human Rights,All Levels,39.99,English,5,"Aug 12, 2020"
Coursera,childnutrition,Stanford University,Child Nutrition and Cooking,Beginner,39.99,English,5,"Jan 19, 2017"
Coursera,neurobiology,The University of Chicago,Understanding the Brain: The Neurobiology of Everyday Life,Beginner,0.0,English,5,"Mar 24, 2020"
Coursera,social-media-marketing-introduction,Facebook,Introduction to Social Media Marketing,All Levels,9.99,English,4,"Sep 30, 2020"
Coursera,forensic-accounting,West Virginia University,Forensic Accounting and Fraud Examination,All Levels,39.99,English,4,"Oct 08, 2019"
Coursera,clinical-terminology,University of Pittsburgh,Clinical Terminology for International and U.S. Students,All Levels,9.99,English,5,"Jul 07, 2020"
Coursera,science-exercise,University of Colorado Boulder,Science of Exercise,Advanced,49.0,English,5,"Jul 16, 2020"
Coursera,uva-darden-digital-product-management,University of Virginia,Digital Product Management: Modern Fundamentals,All Levels,39.99,English,5,"May 14, 2019"
Coursera,datasciencemathskills,Duke University,Data Science Math Skills,All Levels,0.0,English,4,"Sep 06, 2020"
Coursera,machine-learning-projects,DeepLearning.AI,Structuring Machine Learning Projects,Advanced,0.0,English,5,"Mar 02, 2019"
Coursera,american-law,University of Pennsylvania,An Introduction to American Law,All Levels,39.99,English,5,"Jan 13, 2018"
Coursera,content-marketing,"University of California, Davis",The Strategy of Content Marketing,All Levels,39.99,English,4,"Apr 29, 2020"
Coursera,introduction-cybersecurity-cyber-attacks,IBM,Introduction to Cybersecurity Tools & Cyber Attacks,Beginner,9.99,English,4,"May 30, 2020"
Coursera,data-scientists-tools,Johns Hopkins University,The Data Scientist’s Toolbox,Intermediate,9.99,English,4,"Apr 04, 2020"
Coursera,animal-welfare,The University of Edinburgh,Animal Behaviour and Welfare,All Levels,0.0,English,5,"Dec 30, 2015"
Coursera,convolutional-neural-networks-tensorflow,DeepLearning.AI,Convolutional Neural Networks in TensorFlow,Intermediate,0.0,English,5,"Jul 03, 2019"
Coursera,positive-psychology-visionary-science,University of Pennsylvania,Positive Psychology: Martin E. P. Seligman’s Visionary Science,Advanced,39.99,English,3,"Jul 02, 2017"
Coursera,cancer,Johns Hopkins University,Introduction to the Biology of Cancer,Advanced,0.0,English,5,"May 01, 2016"
Coursera,convolutional-neural-networks,DeepLearning.AI,Convolutional Neural Networks,Intermediate,9.99,English,3,"Dec 27, 2017"
Coursera,python-network-data,University of Michigan,Using Python to Access Web Data,Intermediate,59.0,English,5,"Aug 03, 2020"
Coursera,physiology,Duke University,Introductory Human Physiology,Intermediate,0.0,English,5,"Sep 21, 2015"
Coursera,systematic-review,Johns Hopkins University,Introduction to Systematic Review and Meta-Analysis,Intermediate,39.99,English,4,"Apr 05, 2016"
Coursera,communication-strategies-virtual-age,University of Toronto,Communication Strategies for a Virtual Age,Advanced,39.99,English,4,"Apr 26, 2020"
Coursera,moral-politics,Yale University,Moral Foundations of Politics,Advanced,0.0,English,5,"Jul 10, 2019"
Coursera,etudier-en-france,École Polytechnique,Étudier en France: French Intermediate course B1-B2,Beginner,49.0,French,5,"Oct 30, 2018"
Coursera,company-future-management,London Business School,Managing the Company of the Future,Beginner,0.0,English,5,"Jun 18, 2020"
Coursera,site-reliability-engineering-slos,Google Cloud,Site Reliability Engineering: Measuring and Managing Reliability,Beginner,49.0,English,3,"Mar 11, 2019"
Coursera,autism-spectrum-disorder,"University of California, Davis",Autism Spectrum Disorder,Intermediate,39.99,English,4,"Feb 13, 2016"
Coursera,data-science-methodology,IBM,Data Science Methodology,Intermediate,9.99,English,5,"Oct 10, 2019"
Coursera,wharton-accounting,University of Pennsylvania,Introduction to Financial Accounting,Advanced,0.0,English,5,"Jun 17, 2016"
Coursera,marketing-digital,University of Illinois at Urbana-Champaign,Marketing in a Digital World,Intermediate,39.99,English,5,"Feb 16, 2019"
Coursera,wind-energy,Technical University of Denmark (DTU),Wind Energy,Advanced,0.0,English,5,"Aug 15, 2017"
Coursera,sustainable-finance,Erasmus University Rotterdam,Principles of Sustainable Finance,Beginner,0.0,English,4,"Sep 20, 2020"
Coursera,financial-engineering-1,Columbia University,Financial Engineering and Risk Management Part I,All Levels,39.99,English,2,"Dec 24, 2015"
Coursera,philosophy,The University of Edinburgh,Introduction to Philosophy,Beginner,9.99,English,5,"Mar 19, 2016"
Coursera,analytics-business-metrics,Duke University,Business Metrics for Data-Driven Companies,Beginner,9.99,English,3,"May 01, 2018"
Coursera,python-basics,University of Michigan,Python Basics,Beginner,9.99,English,2,"Feb 26, 2020"
Coursera,sustainability,University of Illinois at Urbana-Champaign,Introduction to Sustainability,All Levels,0.0,English,5,"Jun 08, 2020"
Coursera,positive-psychiatry,The University of Sydney,Positive Psychiatry and Mental Health,Intermediate,0.0,English,4,"Jul 07, 2020"
Coursera,crypto,Stanford University,Cryptography I,Beginner,0.0,English,5,"Dec 25, 2017"
Coursera,teach-online,UNSW Sydney (The University of New South Wales),Learning to Teach Online,Advanced,9.99,English,5,"Nov 23, 2017"
Coursera,it-security,Google,IT Security: Defense against the digital dark arts,All Levels,0.0,English,5,"Feb 25, 2018"
Coursera,neuromarketing,Copenhagen Business School,An Introduction to Consumer Neuroscience & Neuromarketing,Intermediate,9.99,English,4,"Jan 23, 2017"
Coursera,gamification,University of Pennsylvania,Gamification,All Levels,9.99,English,4,"Nov 05, 2018"
Coursera,contabilidad,Universidad Nacional Autónoma de México,Contabilidad para no contadores,Beginner,9.99,Spanish,5,"Mar 20, 2019"
Coursera,python-operating-system,Google,Using Python to Interact with the Operating System,Advanced,39.99,English,4,"Aug 26, 2020"
Coursera,cs-fundamentals-1,University of Illinois at Urbana-Champaign,Object-Oriented Data Structures in C++,Intermediate,49.0,English,4,"Apr 05, 2020"
Coursera,gcp-big-data-ml-fundamentals,Google Cloud,Google Cloud Platform Big Data and Machine Learning Fundamentals,Beginner,0.0,English,4,"Aug 19, 2018"
Coursera,sql-data-science,IBM,Databases and SQL for Data Science,All Levels,0.0,English,4,"Sep 22, 2019"
Coursera,natural-language-processing-tensorflow,DeepLearning.AI,Natural Language Processing in TensorFlow,Beginner,49.0,English,5,"Mar 24, 2020"
Coursera,advanced-valuation-and-strategy,Erasmus University Rotterdam,"Advanced Valuation and Strategy - M&A, Private Equity, and Venture Capital",Intermediate,39.99,English,4,"Jul 05, 2019"
Coursera,vital-signs,University of Pennsylvania,Vital Signs: Understanding What the Body Is Telling Us,Beginner,9.99,English,5,"Apr 28, 2020"
Coursera,research-methods,University of London,Understanding Research Methods,Beginner,0.0,English,5,"Jul 06, 2020"
Coursera,ibm-customer-engagement-specialist,IBM,IBM Customer Engagement Specialist Professional Certificate,Intermediate,0.0,English,2,"Feb 28, 2020"
Coursera,introduction-to-calculus,The University of Sydney,Introduction to Calculus,Beginner,0.0,English,5,"Aug 10, 2019"
Coursera,camino-excelencia-gestion-proyectos,Pontificia Universidad Católica de Chile,Camino a la Excelencia en Gestión de Proyectos,Intermediate,0.0,Spanish,5,"May 12, 2020"
Coursera,html,University of Michigan,Introduction to HTML5,Beginner,0.0,English,3,"Jul 05, 2020"
Coursera,wine,"University of California, Davis",Wine Tasting: Sensory Techniques for Wine Analysis,Beginner,0.0,English,5,"Mar 26, 2020"
Coursera,excel-intermediate-1,Macquarie University,Excel Skills for Business: Intermediate I,All Levels,0.0,English,4,"Aug 25, 2020"
Coursera,duke-programming-web,Duke University,"Programming Foundations with JavaScript, HTML and CSS",All Levels,9.99,English,4,"Sep 24, 2015"
Coursera,build-a-computer,Hebrew University of Jerusalem,Build a Modern Computer from First Principles: From Nand to Tetris (Project-Centered Course),All Levels,0.0,English,4,"Feb 04, 2020"
Coursera,food-beverage-management,Università Bocconi,Food & Beverage Management,All Levels,9.99,English,5,"Aug 03, 2020"
Coursera,data-analysis-with-python,IBM,Data Analysis with Python,Beginner,9.99,English,4,"Jun 08, 2019"
Coursera,uva-darden-getting-started-agile,University of Virginia,Agile Meets Design Thinking,Beginner,49.0,English,4,"Dec 26, 2019"
Coursera,aws-fundamentals-going-cloud-native,Amazon Web Services,AWS Fundamentals: Going Cloud-Native,Beginner,9.99,English,4,"Apr 05, 2019"
Coursera,construction-project-management,Columbia University,Construction Project Management,Beginner,49.0,English,2,"Aug 09, 2017"
Coursera,mathematical-thinking,Stanford University,Introduction to Mathematical Thinking,Advanced,9.99,English,1,"Sep 09, 2017"
Coursera,everyday-parenting,Yale University,Everyday Parenting: The ABCs of Child Rearing,Beginner,0.0,English,5,"Aug 31, 2020"
Coursera,intro-to-healthcare,Stanford University,Introduction to Healthcare,Beginner,9.99,English,4,"Sep 09, 2020"
Coursera,machine-learning-with-python,IBM,Machine Learning with Python,Intermediate,49.0,English,4,"Mar 31, 2020"
Coursera,terrorism,Universiteit Leiden,Terrorism and Counterterrorism: Comparing Theory and Practice,Advanced,9.99,English,5,"Sep 04, 2016"
Coursera,clinical-data-management,Vanderbilt University,Data Management for Clinical Research,Intermediate,0.0,English,2,"Apr 07, 2020"
Coursera,data-science-k-means-clustering-python,University of London,Foundations of Data Science: K-Means Clustering in Python,Beginner,39.99,English,3,"Sep 27, 2020"
Coursera,instructional-design-foundations-applications,University of Illinois at Urbana-Champaign,Instructional Design Foundations and Applications,Beginner,9.99,English,4,"Feb 03, 2020"
Coursera,enlinea,Universidad Nacional Autónoma de México,Cursos en línea: modelo para armar,Intermediate,0.0,Spanish,4,"Sep 26, 2020"
Coursera,modern-art-ideas,The Museum of Modern Art,Modern Art & Ideas,Advanced,0.0,English,5,"Apr 16, 2020"
Coursera,speak-english-professionally,Georgia Institute of Technology,"Speak English Professionally: In Person, Online & On the Phone",Beginner,49.0,English,4,"May 24, 2019"
Coursera,gcp-infrastructure-foundation,Google Cloud,Essential Google Cloud Infrastructure: Foundation,Intermediate,0.0,English,4,"Jul 05, 2017"
Coursera,introduction-to-ai,IBM,Introduction to Artificial Intelligence (AI),All Levels,0.0,English,4,"Jul 10, 2020"
Coursera,dog-emotion-and-cognition,Duke University,Dog Emotion and Cognition,Intermediate,0.0,English,5,"Nov 14, 2016"
Coursera,organizational-behavior,Università Bocconi,International Leadership and Organizational Behavior,Intermediate,0.0,English,5,"Jul 21, 2020"
Coursera,sdgbusiness,Erasmus University Rotterdam,Driving business towards the Sustainable Development Goals,All Levels,0.0,English,5,"Jul 15, 2019"
Coursera,global-sustainable-development,University of Copenhagen,"The Sustainable Development Goals – A global, transdisciplinary vision for the future",All Levels,9.99,English,5,"Jun 02, 2020"
Coursera,bcg-uva-darden-digital-transformation,BCG,Digital Transformation,Beginner,9.99,English,5,"Mar 21, 2019"
Coursera,nlp-sequence-models,DeepLearning.AI,Sequence Models,Intermediate,49.0,Spanish,4,"Mar 18, 2020"
Coursera,entrepreneur-changement,HEC Paris,Devenir entrepreneur du changement,Advanced,9.99,French,2,"May 09, 2020"
Coursera,photography,The Museum of Modern Art,Seeing Through Photographs,All Levels,39.99,English,5,"May 31, 2016"
Coursera,wharton-entrepreneurship-opportunity,University of Pennsylvania,Entrepreneurship 1: Developing the Opportunity,Intermediate,9.99,English,4,"May 02, 2020"
Coursera,search-engine-optimization,"University of California, Davis",Introduction to Search Engine Optimization,All Levels,0.0,English,4,"Feb 17, 2016"
Coursera,learn-speak-korean1,Yonsei University,Learn to Speak Korean 1,Beginner,9.99,English,5,"May 30, 2020"
Coursera,drug-development,University of California San Diego,Drug Development,Beginner,0.0,English,4,"Sep 04, 2019"
Coursera,r-programming,Johns Hopkins University,R Programming,All Levels,9.99,English,5,"Jun 17, 2017"
Coursera,money-banking,Columbia University,Economics of Money and Banking,Advanced,39.99,English,4,"Mar 10, 2017"
Coursera,learn-chinese,Peking University,Chinese for Beginners,Intermediate,49.0,English,5,"Oct 04, 2017"
Coursera,grammar-punctuation,"University of California, Irvine",Grammar and Punctuation,All Levels,39.99,English,4,"Apr 26, 2016"
Coursera,japanese-1,Saint Petersburg State University,Japanese for beginners 1,Advanced,9.99,English,4,"May 28, 2020"
Coursera,intro-common-law,University of London,Introduction to English Common Law,Intermediate,0.0,English,5,"Sep 10, 2020"
Coursera,dental-medicine-penn,University of Pennsylvania,Introduction to Dental Medicine,Intermediate,39.99,English,5,"Aug 05, 2017"
Coursera,fundamentals-of-reinforcement-learning,Alberta Machine Intelligence Institute,Fundamentals of Reinforcement Learning,Beginner,0.0,English,2,"Aug 22, 2020"
Coursera,principles-of-macroeconomics,"University of California, Irvine",The Power of Macroeconomics: Economic Principles in the Real World,Intermediate,0.0,English,4,"Apr 29, 2019"
Coursera,corp-sustainability,Università Bocconi,Corporate Sustainability. Understanding and Seizing the Strategic Opportunity,Intermediate,0.0,English,5,"May 05, 2020"
Coursera,duke-behavioral-finance,Duke University,Behavioral Finance,Intermediate,0.0,English,4,"May 16, 2018"
Coursera,tensorflow-sequences-time-series-and-prediction,DeepLearning.AI,"Sequences, Time Series and Prediction",Intermediate,9.99,English,4,"Aug 18, 2019"
Coursera,supply-chain-logistics,Rutgers the State University of New Jersey,Supply Chain Logistics,All Levels,9.99,English,5,"Oct 24, 2018"
Coursera,project-execution,"University of California, Irvine",Project Execution,Intermediate,49.0,English,3,"Oct 09, 2018"
Coursera,nutricion-obesidad-sobrepeso,Universidad Nacional Autónoma de México,Nutrición y obesidad: control de sobrepeso,Advanced,0.0,Spanish,5,"Jun 12, 2020"
Coursera,microeconomics,University of Illinois at Urbana-Champaign,Microeconomics Principles,Advanced,9.99,English,5,"Apr 13, 2017"
Coursera,craft-of-plot,Wesleyan University,Creative Writing: The Craft of Plot,Beginner,0.0,English,5,"Oct 15, 2019"
Coursera,astro,University of Arizona,Astronomy: Exploring Time and Space,All Levels,0.0,English,5,"Aug 07, 2020"
Coursera,oilandgas,Duke University,Oil & Gas Industry Operations and Markets,All Levels,9.99,English,5,"Sep 01, 2020"
Coursera,uva-darden-design-thinking-innovation,University of Virginia,Design Thinking for Innovation,Beginner,39.99,English,4,"Feb 10, 2016"
Coursera,becoming-a-veterinarian,The University of Edinburgh,EDIVET: Do you have what it takes to be a veterinarian?,All Levels,9.99,English,5,"Dec 22, 2017"
Coursera,learn-to-program,University of Toronto,Learn to Program: The Fundamentals,Intermediate,9.99,English,5,"Jan 22, 2017"
Coursera,uva-darden-financial-accounting,University of Virginia,Financial Accounting Fundamentals,Intermediate,0.0,English,5,"Aug 31, 2017"
Coursera,finding-purpose-and-meaning-in-life,University of Michigan,Finding Purpose and Meaning In Life: Living for What Matters Most,Intermediate,49.0,English,5,"Jun 07, 2020"
Coursera,clinical-research,University of Cape Town,Understanding Clinical Research: Behind the Statistics,All Levels,9.99,English,5,"May 27, 2020"
Coursera,epidemiology,The University of North Carolina at Chapel Hill,Epidemiology: The Basic Science of Public Health,All Levels,9.99,English,5,"Apr 15, 2020"
Coursera,fashion-design,The Museum of Modern Art,Fashion as Design,Beginner,49.0,English,5,"May 13, 2019"
Coursera,teamwork-skills-effective-communication,University of Colorado Boulder,Teamwork Skills: Communicating Effectively in Groups,Intermediate,0.0,English,5,"Jun 30, 2020"
Coursera,feminism-social-justice,"University of California, Santa Cruz",Feminism and Social Justice,Intermediate,39.99,English,5,"Sep 30, 2020"
Coursera,international-organizations-management,University of Geneva,International Organizations Management,Intermediate,49.0,English,4,"Jan 21, 2019"
Coursera,estrategia-marketing-digital,Universidade de São Paulo,Marketing Digital,Beginner,9.99,English,4,"Mar 24, 2020"
Coursera,gis,"University of California, Davis",Fundamentals of GIS,Advanced,39.99,English,4,"Jan 10, 2017"
Coursera,elearning,University of Illinois at Urbana-Champaign,e-Learning Ecologies: Innovative Approaches to Teaching and Learning for the Digital Age,Intermediate,9.99,English,5,"Sep 15, 2018"
Coursera,excel-vba-for-creative-problem-solving-part-1,University of Colorado Boulder,"Excel/VBA for Creative Problem Solving, Part 1",Beginner,0.0,English,4,"Jul 14, 2020"
Coursera,international-taxation,Universiteit Leiden,Rethinking International Tax Law,Beginner,49.0,English,5,"Apr 07, 2020"
Coursera,probability-intro,Duke University,Introduction to Probability and Data with R,All Levels,39.99,English,4,"Dec 26, 2016"
Coursera,understanding-visualization-data,University of Michigan,Understanding and Visualizing Data with Python,Beginner,9.99,English,4,"May 14, 2020"
Coursera,data-visualization-tableau,"University of California, Davis",Fundamentals of Visualization with Tableau,Beginner,59.0,English,3,"Mar 16, 2019"
Coursera,sas-programming-basics,SAS,Getting Started with SAS Programming,Beginner,49.0,English,5,"Mar 19, 2020"
Coursera,uol-machine-learning-for-all,University of London,Machine Learning for All,All Levels,39.99,English,4,"Aug 18, 2020"
Coursera,python-databases,University of Michigan,Using Databases with Python,All Levels,0.0,English,5,"Mar 22, 2019"
Coursera,dino101,University of Alberta,Dino 101: Dinosaur Paleobiology,Intermediate,0.0,English,5,"May 20, 2020"
Coursera,sports-marketing,Northwestern University,Sports Marketing,Advanced,39.99,English,5,"Jun 28, 2020"
Coursera,matlab,Vanderbilt University,Introduction to Programming with MATLAB,Beginner,0.0,English,5,"Jun 05, 2020"
Coursera,managing-human-resources,University of Minnesota,Preparing to Manage Human Resources,Beginner,39.99,English,3,"May 11, 2020"
Coursera,solar-energy-basics,The State University of New York,Solar Energy Basics,Beginner,39.99,English,4,"May 25, 2020"
Coursera,bootstrap-4,The Hong Kong University of Science and Technology,Front-End Web UI Frameworks and Tools: Bootstrap 4,Beginner,39.99,English,5,"Jun 20, 2020"
Coursera,google-cloud-java-spring,Google Cloud,Building Scalable Java Microservices with Spring Boot and Spring Cloud,All Levels,39.99,English,4,"Jul 12, 2019"
Coursera,forensic-science,"Nanyang Technological University, Singapore",Introduction to Forensic Science,Advanced,9.99,English,5,"Jun 11, 2018"
Coursera,google-cloud-product-fundamentals,Google Cloud,Google Cloud Product Fundamentals,Beginner,9.99,English,1,"Jul 21, 2020"
Coursera,contracts-1,Yale University,American Contract Law I,Beginner,39.99,English,5,"Jan 07, 2020"
Coursera,engineering-health-yoga-physiology,New York University,Engineering Health: Introduction to Yoga and Physiology,Beginner,0.0,English,5,"Oct 31, 2019"
Coursera,ai-for-medical-diagnosis,DeepLearning.AI,AI for Medical Diagnosis,Advanced,0.0,English,1,"Jul 28, 2020"
Coursera,electronics,Georgia Institute of Technology,Introduction to Electronics,All Levels,9.99,English,4,"Apr 03, 2019"
Coursera,international-humanitarian-law,Universiteit Leiden,International Humanitarian Law in Theory and Practice,Intermediate,9.99,English,5,"Jan 19, 2019"
Coursera,making-architecture,IE School of Architecture & Design,Making Architecture,Beginner,49.0,English,5,"May 23, 2017"
Coursera,model-thinking,University of Michigan,Model Thinking,Beginner,0.0,English,5,"Aug 13, 2018"
Coursera,dyslexia-difficulties,University of London,Supporting children with difficulties in reading and writing,Intermediate,0.0,English,5,"May 18, 2019"
Coursera,innovation-management,Erasmus University Rotterdam,Innovation Management,Intermediate,0.0,English,4,"Apr 23, 2016"
Coursera,people-management,"Birkbeck, University of London",The Manager's Toolkit: A Practical Guide to Managing People at Work,Beginner,9.99,English,4,"Aug 02, 2020"
Coursera,modern-world,University of Virginia,"The Modern World, Part One: Global History from 1760 to 1910",All Levels,0.0,English,4,"Nov 03, 2015"
Coursera,supply-chain-principles,Georgia Institute of Technology,Supply Chain Principles,All Levels,9.99,English,5,"Jun 10, 2020"
Coursera,gcp-infrastructure-core-services,Google Cloud,Essential Google Cloud Infrastructure: Core Services,Intermediate,39.99,French,4,"Oct 10, 2017"
Coursera,weight-management-beyond-balancing-calories,Emory University,Weight Management: Beyond Balancing Calories,Beginner,49.0,English,5,"Oct 28, 2019"
Coursera,human-language,Universiteit Leiden,Miracles of Human Language: An Introduction to Linguistics,Intermediate,0.0,English,5,"Jun 10, 2017"
Coursera,java-programming,Duke University,Java Programming: Solving Problems with Software,Beginner,0.0,English,2,"May 08, 2020"
Coursera,race-cultural-diversity-american-life,University of Illinois at Urbana-Champaign,Race and Cultural Diversity in American Life and History,All Levels,49.0,English,5,"Jul 27, 2020"
Coursera,motivate-people-teams,University of Michigan,Inspiring and Motivating Individuals,Beginner,0.0,English,4,"Jun 21, 2016"
Coursera,competencias-digitales-ofimatica,Universitat Autònoma de Barcelona,"Competencias digitales. Herramientas de ofimática (Microsoft Word, Excel, Power Point)",Beginner,49.0,English,5,"Apr 10, 2020"
Coursera,healing-with-the-arts,University of Florida,Healing with the Arts,Beginner,9.99,English,5,"Sep 20, 2019"
Coursera,wharton-people-analytics,University of Pennsylvania,People Analytics,Intermediate,9.99,English,4,"Dec 13, 2018"
Coursera,what-is-social,Northwestern University,What is Social?,Intermediate,9.99,English,4,"Apr 16, 2017"
Coursera,ux-design-fundamentals,California Institute of the Arts,UX Design Fundamentals,Advanced,9.99,English,4,"May 13, 2020"
Coursera,creative-thinking-techniques-and-tools-for-success,Imperial College London,Creative Thinking: Techniques and Tools for Success,All Levels,9.99,English,5,"May 03, 2020"
Coursera,introclassicalmusic,Yale University,Introduction to Classical Music,Beginner,9.99,English,5,"Feb 13, 2018"
Coursera,childrens-rights,University of Geneva,Children's Human Rights - An Interdisciplinary Introduction,Advanced,0.0,English,5,"Feb 10, 2017"
Coursera,investment-management,HEC Paris,Investment Management in an Evolving and Volatile World by HEC Paris and AXA Investment Managers,Intermediate,39.99,English,4,"May 28, 2016"
Coursera,excel-data-analysis,Rice University,Introduction to Data Analysis Using Excel,Advanced,9.99,English,3,"Aug 04, 2019"
Coursera,manage-health-covid-19,University of Toronto,Mind Control: Managing Your Mental Health During COVID-19,Beginner,59.0,English,5,"Jul 05, 2020"
Coursera,international-criminal-law,Case Western Reserve University,Introduction to International Criminal Law,Advanced,9.99,English,5,"Apr 13, 2020"
Coursera,wharton-fintech-overview-payments-regulations,University of Pennsylvania,"FinTech: Foundations, Payments, and Regulations",Advanced,39.99,English,2,"Oct 06, 2020"
Coursera,mythology,University of Pennsylvania,Greek and Roman Mythology,Beginner,0.0,English,5,"Sep 03, 2020"
Coursera,global-energy,Sciences Po,Politics and Economics of International Energy,Intermediate,39.99,English,5,"Jan 18, 2017"
Coursera,english-principles,Arizona State University,Teach English Now! Foundational Principles,All Levels,9.99,English,5,"Nov 17, 2016"
Coursera,business-model,HEC Paris,Business Model Innovation,Advanced,9.99,English,5,"Sep 18, 2020"
Coursera,introtoux-principles-and-processes,University of Michigan,Introduction to User Experience Principles and Processes,Advanced,9.99,English,4,"Aug 11, 2020"
Coursera,beyond-the-sustainable-development-goals-addressing-sustainability-and-development,University of Michigan,Beyond the Sustainable Development Goals (SDGs): Addressing Sustainability and Development,All Levels,9.99,English,4,"Jun 06, 2020"
Coursera,process-mining,Eindhoven University of Technology,Process Mining: Data science in Action,Advanced,9.99,English,4,"Jul 23, 2017"
Coursera,immunologyfundamentalsimmunitybcells,Rice University,Fundamentals of Immunology: Innate Immunity and B-Cell Function,Advanced,9.99,English,4,"Aug 01, 2020"
Coursera,wharton-finance,University of Pennsylvania,Introduction to Corporate Finance,Intermediate,49.0,English,4,"Jan 30, 2016"
Coursera,global-diplomacy-un,University of London,Global Diplomacy: the United Nations in the World,All Levels,9.99,English,4,"Jan 10, 2020"
Coursera,algorithmic-toolbox,University of California San Diego,Algorithmic Toolbox,Beginner,0.0,English,5,"Aug 21, 2019"
Coursera,troubles-spectre-autisme-diagnostic,University of Geneva,Troubles du spectre de l'autisme : diagnostic,Beginner,9.99,French,5,"Jun 13, 2020"
Coursera,anatomy403-1x,University of Michigan,Anatomy: Musculoskeletal and Integumentary Systems,All Levels,9.99,English,4,"Jun 07, 2020"
Coursera,crash-course-in-causality,University of Pennsylvania,A Crash Course in Causality:  Inferring Causal Effects from Observational Data,Beginner,9.99,English,3,"Nov 28, 2019"
Coursera,business,University of Pennsylvania,English for Business and Entrepreneurship,Intermediate,0.0,English,5,"Sep 10, 2020"
Coursera,attention-models-in-nlp,DeepLearning.AI,Natural Language Processing with Attention Models,Beginner,0.0,English,3,"Sep 28, 2020"
Coursera,getting-started-with-google-sheets,Google Cloud,Getting Started with Google Sheets,All Levels,9.99,English,3,"May 06, 2020"
Coursera,python-for-data-visualization,IBM,Data Visualization with Python,Beginner,0.0,English,4,"Mar 13, 2020"
Coursera,negociacion,University of Michigan,Negociación exitosa: Estrategias y habilidades esenciales (en español),All Levels,9.99,Spanish,5,"Apr 02, 2018"
Coursera,decision-making,PwC,Data-driven Decision Making,Beginner,0.0,English,4,"Jul 16, 2020"
Coursera,fe-exam,Georgia Institute of Technology,Fundamentals of Engineering Exam Review,All Levels,9.99,English,3,"Oct 22, 2016"
Coursera,gender-sexuality,University of Pittsburgh,Gender and Sexuality: Diversity and Inclusion in the Workplace,Beginner,0.0,English,4,"Aug 21, 2017"
Coursera,seo-fundamentals,"University of California, Davis",Search Engine Optimization Fundamentals,Intermediate,0.0,English,5,"Aug 14, 2018"
Coursera,essentials-global-health,Yale University,Essentials of Global Health,Intermediate,39.99,English,5,"Apr 30, 2020"
Coursera,international-security-management,Erasmus University Rotterdam,International Security Management,All Levels,39.99,English,5,"Apr 22, 2020"
Coursera,aws-machine-learning,Amazon Web Services,Getting Started with AWS Machine Learning,Advanced,0.0,English,5,"Jun 02, 2020"
Coursera,einstein-relativity,Stanford University,Understanding Einstein: The Special Theory of Relativity,Beginner,0.0,English,5,"Mar 16, 2020"
Coursera,reussir-le-changement,ESSEC Business School,Réussir le Changement,Beginner,0.0,French,4,"Apr 02, 2020"
Coursera,equine,"University of California, Davis",Equine Welfare and Management,Intermediate,0.0,French,4,"May 16, 2020"
Coursera,international-migrations,Sciences Po,International migrations: a global issue,All Levels,0.0,English,4,"May 01, 2020"
Coursera,web-development,"University of California, Davis",Introduction to Web Development,All Levels,49.0,English,5,"May 22, 2020"
Coursera,writing-editing-words,University of Michigan,Writing and Editing: Word Choice and Word Order,Intermediate,9.99,English,3,"Jul 10, 2020"
Coursera,digital-advertising-landscape,University of Colorado Boulder,Introduction to the Digital Advertising Landscape,Beginner,0.0,English,5,"Jun 24, 2020"
Coursera,access-control-sscp,(ISC)²,Access Controls,Advanced,9.99,English,1,"Apr 06, 2020"
Coursera,initiating-planning,Rice University,Engineering Project Management: Initiating and Planning,Beginner,39.99,English,4,"May 26, 2020"
Coursera,kotlin-for-java-developers,JetBrains,Kotlin for Java Developers,All Levels,9.99,English,5,"Apr 04, 2019"
Coursera,multivariate-calculus-machine-learning,Imperial College London,Mathematics for Machine Learning: Multivariate Calculus,Beginner,9.99,English,3,"Aug 19, 2020"
Coursera,introduction-git-github,Google,Introduction to Git and GitHub,Beginner,39.99,English,4,"Mar 15, 2020"
Coursera,industrial-biotech,University of Manchester   ,Industrial Biotechnology,Intermediate,0.0,English,5,"Jul 23, 2020"
Coursera,addiction-and-the-brain,Emory University,The Addicted Brain,Beginner,0.0,English,5,"Dec 27, 2017"
Coursera,aprendiendo-programar-python,Pontificia Universidad Católica de Chile,Introducción a la programación en Python I: Aprendiendo a programar con Python,All Levels,0.0,Spanish,4,"Aug 19, 2020"
Coursera,data-lakes-data-warehouses-gcp,Google Cloud,Modernizing Data Lakes and Data Warehouses with GCP,Intermediate,0.0,English,4,"Apr 08, 2020"
Coursera,drug-discovery,University of California San Diego,Drug Discovery,Beginner,0.0,English,3,"Nov 06, 2016"
Coursera,nutrition-pregnancy,Ludwig-Maximilians-Universität München (LMU),Nutrition and Lifestyle in Pregnancy,Beginner,9.99,English,4,"Jun 12, 2017"
Coursera,finance-healthcare-managers,University of Pennsylvania,Financial Acumen for Non-Financial Managers,Intermediate,9.99,English,5,"Apr 16, 2020"
Coursera,python-statistics-financial-analysis,The Hong Kong University of Science and Technology,Python and Statistics for Financial Analysis,Advanced,0.0,English,3,"Feb 10, 2020"
Coursera,bugs-101,University of Alberta,Bugs 101: Insect-Human Interactions,Beginner,0.0,English,5,"Sep 16, 2019"
Coursera,autodesk-revit-architectural-design,Autodesk,Autodesk Certified Professional: Revit for Architectural Design Exam Prep,Intermediate,49.0,English,4,"May 08, 2020"
Coursera,leading-for-equity-diversity-inclusion,University of Michigan,"Leading for Equity, Diversity and Inclusion in Higher Education",Intermediate,9.99,English,4,"Sep 16, 2019"
Coursera,wharton-introduction-spreadsheets-models,University of Pennsylvania,Introduction to Spreadsheets and Models,Beginner,0.0,English,3,"Sep 17, 2020"
Coursera,human-needs,University of Toronto,The Arts and Science of Relationships: Understanding Human Needs,Beginner,9.99,English,5,"Aug 02, 2019"
Coursera,clinicalsimulations,The George Washington University,Essentials in Clinical Simulations Across the Health Professions,Advanced,49.0,English,4,"May 03, 2020"
Coursera,schedule-projects,"University of California, Irvine",Budgeting and Scheduling Projects,Beginner,0.0,English,4,"May 18, 2020"
Coursera,machine-learning-business-professionals,Google Cloud,Machine Learning for Business Professionals,Beginner,9.99,English,5,"Jun 23, 2020"
Coursera,spanish-vocabulary-meeting-people,"University of California, Davis",Spanish Vocabulary: Meeting People,Intermediate,0.0,English,4,"Mar 13, 2017"
Coursera,gestionempresarialpyme,Pontificia Universidad Católica de Chile,Gestión Empresarial Exitosa para Pymes,Beginner,49.0,Spanish,5,"Sep 30, 2017"
Coursera,introancientegypt,University of Pennsylvania,Introduction to Ancient Egypt and Its Civilization,All Levels,0.0,English,4,"Dec 16, 2016"
Coursera,infrastructure-investing,Università Bocconi,Financing and Investing in Infrastructure,Intermediate,9.99,English,5,"Jan 01, 2020"
Coursera,global-environmental-management,Technical University of Denmark (DTU),Global Environmental Management,All Levels,9.99,English,4,"May 21, 2020"
Coursera,wharton-operations-analytics,University of Pennsylvania,Operations Analytics,Advanced,0.0,English,5,"Sep 23, 2017"
Coursera,entrepreneurship-strategy,HEC Paris,Entrepreneurship Strategy: From Ideation to Exit,Intermediate,0.0,English,1,"Jul 20, 2020"
Coursera,fintechlawandpolicy,Duke University,FinTech Law and Policy,Beginner,59.0,English,5,"Oct 11, 2018"
Coursera,mental-health,University of Toronto,The Social Context of Mental Health and Illness,All Levels,49.0,English,5,"Feb 15, 2017"
Coursera,contemporary-art,The Museum of Modern Art,What Is Contemporary Art?,Beginner,9.99,English,5,"May 19, 2020"
Coursera,producing-music,Berklee College of Music,The Art of Music Production,Advanced,9.99,English,2,"Aug 15, 2020"
Coursera,bayesian-statistics,"University of California, Santa Cruz",Bayesian Statistics: From Concept to Data Analysis,Beginner,0.0,English,4,"Nov 10, 2018"
Coursera,reporting-extra-financier-strategie-rse,ESSEC Business School,Reporting extra-financier et stratégie RSE,Intermediate,49.0,French,5,"Aug 04, 2018"
Coursera,quality-healthcare,The George Washington University,Leading Healthcare Quality and Safety,Beginner,0.0,English,4,"May 14, 2020"
Coursera,international-relations-theory,National Research University Higher School of Economics,Understanding International Relations Theory,Beginner,0.0,English,1,"Aug 18, 2019"
Coursera,excel-para-negocios,Universidad Austral,Fundamentos de Excel para Negocios,Intermediate,49.0,Spanish,5,"Apr 21, 2017"
Coursera,gcp-infrastructure-scaling-automation,Google Cloud,Elastic Google Cloud Infrastructure: Scaling and Automation,Intermediate,39.99,English,4,"Sep 02, 2019"
Coursera,cultural-competence-aboriginal-sydney,The University of Sydney,Cultural Competence - Aboriginal Sydney,Intermediate,39.99,English,5,"May 27, 2020"
Coursera,finanzas-empresariales,Universidad de los Andes,Fundamentos de Finanzas Empresariales,All Levels,9.99,Spanish,5,"May 25, 2020"
Coursera,gte-sustainable-cities,Lund University,Greening the Economy: Sustainable Cities,Beginner,0.0,English,4,"Nov 16, 2017"
Coursera,engineering-mechanics-statics,Georgia Institute of Technology,Introduction to Engineering Mechanics,All Levels,0.0,English,5,"Jul 09, 2020"
Coursera,design-strategy,The University of Sydney,Design-Led Strategy: Design thinking for business strategy and entrepreneurship,Intermediate,9.99,English,4,"Apr 14, 2020"
Coursera,bioinformatics,University of California San Diego,Biology Meets Programming: Bioinformatics for Beginners,All Levels,39.99,English,2,"Apr 01, 2018"
Coursera,medical-research,Yale University,Understanding Medical Research: Your Facebook Friend is Wrong,Intermediate,0.0,English,5,"May 17, 2020"
Coursera,cs-fundamentals-2,University of Illinois at Urbana-Champaign,Ordered Data Structures,Advanced,9.99,English,3,"Apr 01, 2020"
Coursera,mindshift,McMaster University,Mindshift: Break Through Obstacles to Learning and Discover Your Hidden Potential,All Levels,0.0,English,5,"Sep 03, 2019"
Coursera,programming-fundamentals,Duke University,Programming Fundamentals,Intermediate,39.99,English,5,"Jun 23, 2019"
Coursera,understanding-financial-markets,University of Geneva,Understanding Financial Markets,All Levels,0.0,English,4,"Nov 25, 2017"
Coursera,painting,The Museum of Modern Art,In the Studio: Postwar Abstract Painting,Intermediate,0.0,English,5,"Jul 15, 2020"
Coursera,drug-commercialization,University of California San Diego,Drug Commercialization,All Levels,9.99,English,5,"Sep 30, 2020"
Coursera,introduction-to-software-product-management,University of Alberta,Introduction to Software Product Management,All Levels,9.99,English,4,"Jan 07, 2016"
Coursera,norms,Unicef,"Social Norms, Social Change I",Beginner,0.0,English,5,"Jul 15, 2017"
Coursera,excel-intermediate-2,Macquarie University,Excel Skills for Business: Intermediate II,All Levels,9.99,English,5,"Jul 18, 2020"
Coursera,aboriginal-education,University of Toronto,Aboriginal Worldviews and Education,All Levels,0.0,English,2,"Jun 03, 2020"
Coursera,information-systems-audit,The Hong Kong University of Science and Technology,"Information Systems Auditing, Controls and Assurance",Advanced,39.99,English,5,"Jun 09, 2020"
Coursera,six-sigma-principles,University System of Georgia,Six Sigma Principles,Beginner,39.99,English,4,"Jan 01, 2019"
Coursera,writing-for-business,University of Colorado Boulder,Business Writing,Beginner,0.0,English,5,"Aug 21, 2017"
Coursera,autodesk-autocad-design-drafting,Autodesk,Autodesk Certified Professional: AutoCAD for Design and Drafting Exam Prep,Beginner,0.0,English,5,"Jul 12, 2020"
Coursera,typography,California Institute of the Arts,Introduction to Typography,Intermediate,0.0,English,4,"Jun 01, 2020"
Coursera,customer-segmentation-prospecting,Northwestern University,Customer Segmentation and Prospecting,Intermediate,9.99,English,5,"Apr 18, 2020"
Coursera,gestionar-personas,IESE Business School,Claves para Gestionar Personas,All Levels,9.99,Spanish,5,"May 16, 2018"
Coursera,journalism,University of Pennsylvania,English for Journalism,Beginner,0.0,English,5,"Sep 26, 2020"
Coursera,how-things-work,University of Virginia,How Things Work: An Introduction to Physics,Intermediate,39.99,English,4,"Jul 18, 2020"
Coursera,business-english-intro,University of Washington,Business English: Networking,Advanced,0.0,English,4,"Sep 04, 2016"
Coursera,summary-statistics,Johns Hopkins University,Summary Statistics in Public Health,Intermediate,0.0,English,5,"Jul 06, 2020"
Coursera,globalenergyandclimatepolicy,University of London,Global Energy and Climate Policy,All Levels,0.0,English,5,"Aug 06, 2020"
Coursera,probability-statistics,University of London,Probability and Statistics: To p or not to p?,All Levels,9.99,English,5,"May 07, 2020"
Coursera,microbiome,University of Colorado Boulder,Gut Check: Exploring Your Microbiome,Beginner,49.0,English,4,"Dec 29, 2016"
Coursera,erasmus-econometrics,Erasmus University Rotterdam,Econometrics: Methods and Applications,Intermediate,49.0,English,4,"Apr 20, 2016"
Coursera,golang-webservices-1,Moscow Institute of Physics and Technology,Разработка веб-сервисов на Go - основы языка,Intermediate,0.0,Russian,3,"Apr 14, 2020"
Coursera,analytics-excel,Duke University,Mastering Data Analysis in Excel,Beginner,39.99,English,1,"Apr 27, 2020"
Coursera,basic-statistics,University of Amsterdam,Basic Statistics,Beginner,39.99,English,4,"Jan 01, 2020"
Coursera,python-data-visualization,University of Michigan,"Capstone: Retrieving, Processing, and Visualizing Data with Python",Beginner,0.0,English,5,"Jul 13, 2020"
Coursera,introduction-portfolio-construction-python,EDHEC Business School,Introduction to Portfolio Construction and Analysis with Python,Beginner,0.0,English,5,"Jul 10, 2020"
Coursera,data-analytics-for-lean-six-sigma,University of Amsterdam,Data Analytics for Lean Six Sigma,All Levels,49.0,English,5,"Jun 24, 2020"
Coursera,refugees-21st-century,University of London,Refugees in the 21st Century,Intermediate,9.99,English,5,"Mar 23, 2020"
Coursera,containerized-apps-on-aws,Amazon Web Services,Building Containerized Applications on AWS,Advanced,0.0,English,4,"Aug 13, 2020"
Coursera,business-transformation-google-cloud,Google Cloud,Business Transformation with Google Cloud,Beginner,39.99,English,4,"May 12, 2020"
Coursera,version-control-with-git,Atlassian,Version Control with Git,All Levels,0.0,English,5,"May 10, 2020"
Coursera,transmedia-storytelling,UNSW Sydney (The University of New South Wales),"Transmedia Storytelling: Narrative worlds, emerging technologies, and global audiences",Advanced,9.99,English,3,"Aug 28, 2017"
Coursera,excel-aplicado-negocios-avanzado,Universidad Austral,Excel aplicado a los negocios (Nivel Avanzado),Intermediate,0.0,Spanish,5,"Aug 16, 2020"
Coursera,public-speaking,University of Washington,Introduction to Public Speaking,Advanced,39.99,English,5,"Apr 12, 2018"
Coursera,conversational-experiences-dialogflow,Google Cloud,Building Conversational Experiences with Dialogflow,Advanced,9.99,English,4,"Sep 01, 2020"
Coursera,guitar,Berklee College of Music,Guitar for Beginners,Intermediate,9.99,English,4,"Apr 20, 2016"
Coursera,project-risk-management,"University of California, Irvine",Managing Project Risks and Changes,Intermediate,9.99,English,5,"Jul 11, 2020"
Coursera,excellence-operationnelle,ESSEC Business School,L'excellence opérationnelle en pratique,Beginner,9.99,French,5,"May 20, 2020"
Coursera,introduction-to-cloud,IBM,Introduction to Cloud Computing,All Levels,49.0,English,4,"May 01, 2020"
Coursera,sample-based-learning-methods,Alberta Machine Intelligence Institute,Sample-based Learning Methods,Intermediate,9.99,English,1,"Aug 22, 2020"
Coursera,progfun1,École Polytechnique Fédérale de Lausanne,Functional Programming Principles in Scala,Intermediate,9.99,English,4,"Feb 07, 2020"
Coursera,environmental-law,The University of North Carolina at Chapel Hill,Introduction to Environmental Law and Policy,Advanced,0.0,English,5,"Sep 11, 2020"
Coursera,exposure-photography,Michigan State University,"Cameras, Exposure, and Photography",All Levels,0.0,English,4,"Mar 07, 2016"
Coursera,democracia,Universitat Autònoma de Barcelona,Democracia y decisiones públicas. Introducción al análisis de políticas públicas,All Levels,39.99,Spanish,5,"Feb 28, 2016"
Coursera,python-functions-files-dictionaries,University of Michigan,"Python Functions, Files, and Dictionaries",Intermediate,9.99,English,4,"Apr 20, 2020"
Coursera,anticorrupcion-introduccion,Universidad Nacional Autónoma de México,Anticorrupción: Introducción a conceptos y perspectiva práctica,Intermediate,9.99,Spanish,4,"Sep 07, 2020"
Coursera,positive-psychology-applications,University of Pennsylvania,Positive Psychology: Applications and Interventions,All Levels,0.0,English,3,"Jun 05, 2017"
Coursera,introduction-embedded-systems,University of Colorado Boulder,Introduction to Embedded Systems Software and Development Environments,Beginner,0.0,English,2,"Mar 08, 2018"
Coursera,family-planning,University of Florida,Personal & Family Financial Planning,Beginner,0.0,English,5,"May 25, 2020"
Coursera,law-student,Yale University,A Law Student's Toolkit,Advanced,49.0,English,5,"Feb 15, 2016"
Coursera,intro-data-science-programacion-estadistica-r,Universidad Nacional Autónoma de México,Introducción a Data Science: Programación Estadística con R,Intermediate,0.0,Spanish,5,"Jul 03, 2019"
Coursera,cybersecurity-roles-processes-operating-system-security,IBM,"Cybersecurity Roles, Processes & Operating System Security",Advanced,0.0,English,3,"Nov 08, 2019"
Coursera,computational-neuroscience,University of Washington,Computational Neuroscience,Advanced,39.99,English,4,"Oct 01, 2017"
Coursera,smart-cities,École Polytechnique Fédérale de Lausanne,Smart Cities – Management of Smart Urban Infrastructures,Advanced,0.0,English,1,"Jun 21, 2017"
Coursera,golang-getting-started,"University of California, Irvine",Getting Started with Go,Beginner,9.99,English,5,"May 20, 2020"
Coursera,intro-economic-theories,Erasmus University Rotterdam,Introduction to Economic Theories,Beginner,0.0,English,4,"Sep 30, 2020"
Coursera,principles-of-microeconomics,"University of California, Irvine",The Power of Microeconomics: Economic Principles in the Real World,Advanced,0.0,English,4,"Oct 08, 2020"
Coursera,personal-branding,University of Virginia,Introduction to Personal Branding,Advanced,0.0,English,4,"Nov 09, 2015"
Coursera,love-social-justice,Stanford University,Love as a Force for Social Justice,Advanced,0.0,English,5,"May 27, 2018"
Coursera,what-is-a-proof,University of California San Diego,Mathematical Thinking in Computer Science,All Levels,0.0,English,2,"Mar 06, 2019"
Coursera,genetics-evolution,Duke University,Introduction to Genetics and Evolution,All Levels,0.0,English,5,"Apr 12, 2020"
Coursera,python-osnovy-programmirovaniya,National Research University Higher School of Economics,Основы программирования на Python,Advanced,49.0,Russian,5,"Jul 09, 2020"
Coursera,wharton-communication-skills,University of Pennsylvania,Improving Communication Skills,Intermediate,0.0,English,5,"Jul 23, 2020"
Coursera,introduction-trading-machine-learning-gcp,New York Institute of Finance,"Introduction to Trading, Machine Learning & GCP",Beginner,49.0,English,4,"Jun 12, 2020"
Coursera,python-programming-introduction,Wesleyan University,Python Programming: A Concise Introduction,Intermediate,49.0,English,5,"Aug 24, 2018"
Coursera,modern-world-2,University of Virginia,"The Modern World, Part Two: Global History since 1910",Advanced,0.0,English,4,"Apr 07, 2017"
Coursera,plantknows,Tel Aviv University,Understanding Plants - Part I: What a Plant Knows,Beginner,0.0,English,5,"May 23, 2020"
Coursera,finanzas-personales,Universidad Nacional Autónoma de México,Finanzas personales,Advanced,9.99,Spanish,5,"Dec 05, 2019"
Coursera,english-composition,Duke University,English Composition I,All Levels,0.0,English,5,"Aug 26, 2016"
Coursera,intro-self-driving-cars,University of Toronto,Introduction to Self-Driving Cars,Beginner,0.0,English,4,"Aug 31, 2019"
Coursera,uva-darden-foundations-business-strategy,University of Virginia,Foundations of Business Strategy,Beginner,9.99,English,4,"Nov 17, 2016"
Coursera,ciencia-computacao-python-conceitos,Universidade de São Paulo,Introdução à Ciência da Computação com Python Parte 1,Beginner,9.99,Portuguese,5,"Sep 06, 2020"
Coursera,stochasticprocesses,National Research University Higher School of Economics,Stochastic processes,Beginner,9.99,English,2,"Jun 15, 2018"
Coursera,foundations-big-data-analysis-sql,Cloudera,Foundations for Big Data Analysis with SQL,Beginner,9.99,English,5,"Jul 15, 2020"
Coursera,innovation-through-design,The University of Sydney,"Innovation Through Design: Think, Make, Break, Repeat",Intermediate,9.99,English,5,"Jun 18, 2020"
Coursera,perfect-tenses-modals,"University of California, Irvine",Perfect Tenses and Modals,Intermediate,0.0,English,5,"Aug 27, 2017"
Coursera,cloud-azure-intro,LearnQuest,Getting Started with Azure,Beginner,39.99,English,5,"Aug 29, 2020"
Coursera,moralities,Yale University,Moralities of Everyday Life,Beginner,9.99,English,5,"May 24, 2020"
Coursera,revisao-sistematica,Universidade Estadual de Campinas,Revisão Sistemática e Meta-análise,Advanced,9.99,Portuguese,5,"May 16, 2020"
Coursera,introduction-g-suite,Google Cloud,Introduction to G Suite,Advanced,0.0,English,4,"Sep 04, 2019"
Coursera,aprendiendo-a-aprender,University of California San Diego,Aprendiendo a aprender: Poderosas herramientas mentales con las que podrás dominar temas difíciles (Learning How to Learn),Beginner,39.99,Spanish,5,"Apr 29, 2016"
Coursera,batch-data-pipelines-gcp,Google Cloud,Building Batch Data Pipelines on GCP,Beginner,39.99,English,1,"Oct 02, 2020"
Coursera,financial-planning,University of Illinois at Urbana-Champaign,Financial Planning for Young Adults,Beginner,0.0,English,5,"May 25, 2020"
Coursera,quantitative-methods,University of Amsterdam,Quantitative Methods,Intermediate,0.0,English,3,"Jun 26, 2018"
Coursera,self-determination-theory,University of Rochester,"Introduction to Self-Determination Theory: An approach to motivation, development and wellness",Beginner,0.0,English,5,"Oct 06, 2019"
Coursera,technology-of-music-production,Berklee College of Music,The Technology of Music Production,Beginner,0.0,English,5,"May 21, 2017"
Coursera,intro-programming,The University of Edinburgh,Code Yourself! An Introduction to Programming,Advanced,49.0,English,5,"Jul 02, 2020"
Coursera,wharton-success,University of Pennsylvania,Success,Intermediate,0.0,English,5,"Jun 16, 2017"
Coursera,chemicals-health,Johns Hopkins University,Chemicals and Health,All Levels,9.99,English,4,"Feb 09, 2020"
Coursera,statistical-inferences,Eindhoven University of Technology,Improving your statistical inferences,Beginner,9.99,English,5,"Jul 24, 2018"
Coursera,google-machine-learning,Google Cloud,How Google does Machine Learning,Beginner,39.99,English,5,"Sep 15, 2019"
Coursera,object-oriented-design,University of Alberta,Object-Oriented Design,All Levels,0.0,English,4,"Oct 10, 2017"
Coursera,introduction-intellectual-property,University of Pennsylvania,Introduction to Intellectual Property,Beginner,0.0,English,4,"Oct 13, 2019"
Coursera,uva-darden-bcg-pricing-strategy-cost-economics,BCG,Cost and Economics in Pricing Strategy,Intermediate,39.99,English,5,"Mar 11, 2018"
Coursera,write-a-feature-length-screenplay-for-film-or-television,Michigan State University,Write A Feature Length Screenplay For Film Or Television,Beginner,39.99,English,4,"Sep 14, 2020"
Coursera,marketing-gerencial,Universidad de Chile,Marketing Gerencial,Intermediate,0.0,English,5,"Sep 24, 2020"
Coursera,corporate-finance-essentials,IESE Business School,Corporate Finance Essentials,Advanced,49.0,English,4,"Aug 10, 2020"
Coursera,information-security-data,"Royal Holloway, University of London",Information Security: Context and Introduction,Advanced,9.99,English,4,"Mar 06, 2019"
Coursera,trunk-anatomy,Yale University,"Anatomy of the Chest, Abdomen, and Pelvis",Advanced,39.99,English,5,"Mar 04, 2018"
Coursera,introcss,University of Michigan,Introduction to CSS3,Beginner,9.99,English,2,"Mar 02, 2016"
Coursera,applied-data-science-capstone,IBM,Applied Data Science Capstone,Beginner,49.0,English,4,"Apr 22, 2020"
Coursera,droits-de-lhomme,University of Geneva,Introduction aux Droits de l’Homme,Intermediate,9.99,French,5,"Jul 27, 2020"
Coursera,programming-languages,University of Washington,"Programming Languages, Part A",All Levels,59.0,English,5,"Nov 18, 2017"
Coursera,big-history,Macquarie University,Big History: Connecting Knowledge,All Levels,9.99,English,5,"Apr 30, 2016"
Coursera,leadership-21st-century,Copenhagen Business School,Leadership in 21st Century Organizations,Beginner,0.0,English,2,"Aug 06, 2020"
Coursera,software-processes-and-agile-practices,University of Alberta,Software Processes and Agile Practices,Intermediate,0.0,English,4,"Nov 02, 2016"
Coursera,devops-culture-and-mindset,"University of California, Davis",DevOps Culture and Mindset,All Levels,0.0,English,5,"Feb 17, 2020"
Coursera,c-plus-plus-white,Moscow Institute of Physics and Technology,Основы разработки на C++: белый пояс,Intermediate,9.99,Russian,4,"Sep 03, 2017"
Coursera,covid-19-contact-tracing-for-nursing-professionals,University of Houston,COVID-19 Contact Tracing For Nursing Professionals,Advanced,0.0,English,5,"Sep 28, 2020"
Coursera,epidemiology-tools,Johns Hopkins University,Essential Epidemiologic Tools for Public Health Practice,Beginner,0.0,English,3,"Aug 02, 2020"
Coursera,epigenetics,The University of Melbourne,Epigenetic Control of Gene Expression,Advanced,9.99,English,1,"Mar 22, 2016"
Coursera,plato,University of Pennsylvania,Ancient Philosophy: Plato & His Predecessors,Beginner,39.99,English,1,"Oct 02, 2020"
Coursera,social-innovation,University of Cape Town,Becoming a changemaker: Introduction to Social Innovation,Intermediate,9.99,English,3,"Apr 14, 2020"
Coursera,spanish-in-healthcare-settings,Rice University,Spanish for Successful Communication in Healthcare Settings,Intermediate,9.99,English,4,"Nov 17, 2019"
Coursera,systems-engineering,UNSW Sydney (The University of New South Wales),Introduction to Systems Engineering,Intermediate,49.0,English,3,"Feb 14, 2020"
Coursera,mcmc-bayesian-statistics,"University of California, Santa Cruz",Bayesian Statistics: Techniques and Models,Beginner,0.0,English,1,"Jul 20, 2019"
Coursera,humanrights,Utrecht University,Human Rights for Open Societies,Intermediate,0.0,English,4,"Dec 28, 2016"
Coursera,quantum-computing-algorithms,Saint Petersburg State University,The Introduction to Quantum Computing,Beginner,9.99,English,1,"Nov 11, 2019"
Coursera,intercultural,ESCP Business School,Intercultural Management,All Levels,0.0,English,5,"Mar 29, 2018"
Coursera,getinmooc,University of London,Get Interactive: Practical Teaching with Technology,Advanced,9.99,English,5,"Aug 20, 2020"
Coursera,global-financial-markets-instruments,Rice University,Global Financial Markets and Instruments,All Levels,49.0,English,5,"Jun 24, 2020"
Coursera,write-your-first-novel,Michigan State University,Write Your First Novel,Advanced,49.0,English,3,"Aug 04, 2020"
Coursera,enfant-developpement,University of Geneva,Développement psychologique de l'enfant,All Levels,0.0,French,5,"May 11, 2020"
Coursera,songwriting-lyrics,Berklee College of Music,Songwriting: Writing the Lyrics,Advanced,39.99,English,5,"Aug 04, 2017"
Coursera,python-plotting,University of Michigan,"Applied Plotting, Charting & Data Representation in Python",Beginner,39.99,English,3,"Jul 28, 2018"
Coursera,systems-thinking,Johns Hopkins University,Systems Thinking In Public Health,Beginner,39.99,English,5,"Mar 31, 2017"
Coursera,excel-advanced,Macquarie University,Excel Skills for Business: Advanced,Beginner,0.0,English,4,"Jul 02, 2020"
Coursera,neuroeconomics,National Research University Higher School of Economics,Introduction to Neuroeconomics: How the Brain Makes Decisions,Advanced,9.99,English,4,"Feb 12, 2017"
Coursera,community-organizing,University of Michigan,Community Organizing for Social Justice,All Levels,39.99,English,5,"Jun 15, 2020"
Coursera,global-financial-crisis,Yale University,The Global Financial Crisis,Advanced,9.99,English,5,"Mar 23, 2019"
Coursera,renewable-energy-entrepreneurship,Duke University,Renewable Energy and Green Building Entrepreneurship,Beginner,39.99,English,5,"Jan 02, 2018"
Coursera,privacy-law-data-protection,University of Pennsylvania,Privacy Law and Data Protection,Intermediate,9.99,English,4,"Nov 11, 2019"
Coursera,digital-business-models,Lund University,Digital Business Models,All Levels,9.99,English,3,"Dec 19, 2017"
Coursera,cloud-infrastructure-design-process,Google Cloud,Reliable Google Cloud Infrastructure: Design and Process,Intermediate,0.0,English,3,"Sep 28, 2019"
Coursera,big-data-essentials,Yandex,"Big Data Essentials: HDFS, MapReduce and Spark RDD",Advanced,0.0,English,4,"Sep 18, 2018"
Coursera,dermatology,Novosibirsk State University ,Dermatology: Trip to skin,All Levels,9.99,English,5,"Apr 29, 2020"
Coursera,sustainable-tourism,University of Copenhagen,Sustainable Tourism – promoting environmental public health,Intermediate,0.0,English,3,"Sep 07, 2019"
Coursera,social-impact,University of Pennsylvania,Social Impact Strategy: Tools for Entrepreneurs and Innovators,Intermediate,0.0,English,5,"Apr 14, 2020"
Coursera,c-for-everyone,"University of California, Santa Cruz",C for Everyone: Programming Fundamentals,Intermediate,0.0,English,4,"Sep 14, 2020"
Coursera,intro-sql,University of Michigan,Introduction to Structured Query Language (SQL),All Levels,39.99,English,1,"Jan 25, 2019"
Coursera,social-economic-networks,Stanford University,Social and Economic Networks:  Models and Analysis,All Levels,9.99,English,1,"Sep 09, 2020"
Coursera,cats-and-dogs,The University of Edinburgh,The Truth About Cats and Dogs,Advanced,0.0,English,5,"May 17, 2017"
Coursera,sports-society,Duke University,Sports and Society,Intermediate,0.0,English,5,"Sep 17, 2020"
Coursera,ds,IBM,Fundamentals of Scalable Data Science,Beginner,9.99,English,4,"Jan 29, 2020"
Coursera,django-database-web-apps,University of Michigan,Web Application Technologies and Django,Beginner,0.0,English,4,"Aug 09, 2020"
Coursera,curanderismo-plants,University of New Mexico,Curanderismo: Traditional Healing Using Plants,Intermediate,49.0,English,1,"Jun 28, 2020"
Coursera,python-machine-learning,University of Michigan,Applied Machine Learning in Python,All Levels,59.0,English,4,"Jan 19, 2018"
Coursera,troubleshooting-debugging-techniques,Google,Troubleshooting and Debugging Techniques,Beginner,0.0,English,3,"Mar 27, 2020"
Coursera,introduction-programming-unity,University of Colorado System,Introduction to C# Programming and Unity,Intermediate,49.0,English,5,"May 31, 2019"
Coursera,success,University of Michigan,The Science of Success: What Researchers Know that You Should Know,All Levels,0.0,English,5,"May 31, 2020"
Coursera,music-theory,Michigan State University,Getting Started With Music Theory,Beginner,39.99,English,5,"May 17, 2020"
Coursera,horse-care,University of Florida,The Horse Course: Introduction to Basic Care and Management,All Levels,39.99,English,4,"May 29, 2017"
Coursera,verb-passives,"University of California, Irvine",Verb Tenses and Passives,Intermediate,0.0,English,5,"Jun 30, 2020"
Coursera,gestion-organizaciones-efectivas,Pontificia Universidad Católica de Chile,Gestión de organizaciones efectivas,Beginner,0.0,Spanish,4,"Jul 12, 2017"
Coursera,big-data-introduction,University of California San Diego,Introduction to Big Data,Intermediate,9.99,English,4,"Sep 27, 2020"
Coursera,philosophy-cognitive-sciences,The University of Edinburgh,Philosophy and the Sciences: Introduction to the Philosophy of Cognitive Sciences,Beginner,39.99,English,4,"Jan 25, 2019"
Coursera,schizophrenia,Wesleyan University,Schizophrenia,Intermediate,9.99,English,5,"May 07, 2020"
Coursera,ecology-conservation,Howard Hughes Medical Institute ,Ecology: Ecosystem Dynamics and Conservation,All Levels,49.0,English,5,"Sep 25, 2020"
Coursera,game-development,Michigan State University,Introduction to Game Development,Beginner,59.0,English,4,"Aug 12, 2017"
Coursera,practical-time-series-analysis,The State University of New York,Practical Time Series Analysis,All Levels,0.0,English,4,"Apr 29, 2018"
Coursera,vlsi-cad-logic,University of Illinois at Urbana-Champaign,VLSI CAD Part I: Logic,Advanced,9.99,English,5,"Sep 07, 2018"
Coursera,six-sigma-organization-advanced,University System of Georgia,Six Sigma and the Organization (Advanced),Beginner,49.0,English,5,"May 30, 2018"
Coursera,machine-learning-duke,Duke University,Introduction to Machine Learning,All Levels,9.99,English,3,"Apr 15, 2020"
Coursera,wharton-launching-startup,University of Pennsylvania,Entrepreneurship 2: Launching your Start-Up,Intermediate,49.0,English,5,"Aug 21, 2020"
Coursera,nanotechnology,Duke University,Nanotechnology: A Maker’s Course,Intermediate,59.0,English,5,"Sep 27, 2020"
Coursera,creative-problem-solving,University of Minnesota,Creative Problem Solving,All Levels,39.99,English,2,"Apr 17, 2020"
Coursera,sleep,University of Michigan,"Sleep: Neurobiology, Medicine, and Society",Beginner,0.0,English,4,"Jun 15, 2020"
Coursera,covid-19-what-you-need-to-know,Osmosis,COVID-19: What You Need to Know (CME Eligible),All Levels,0.0,English,5,"Apr 26, 2020"
Coursera,classical-sociological-theory,University of Amsterdam,Classical Sociological Theory,Beginner,9.99,English,5,"Mar 11, 2020"
Coursera,electricity,Duke University,Electric Industry Operations and Markets,Advanced,0.0,English,4,"Feb 05, 2018"
Coursera,preparing-cloud-professional-cloud-architect-exam,Google Cloud,Preparing for the Google Cloud Professional Cloud Architect Exam,All Levels,0.0,English,4,"Mar 04, 2019"
Coursera,powerpoint-presentations,PwC,Effective Business Presentations with Powerpoint,Beginner,49.0,English,3,"Apr 23, 2019"
Coursera,wharton-financial-accounting,University of Pennsylvania,More Introduction to Financial Accounting,Beginner,9.99,English,3,"Aug 25, 2020"
Coursera,wharton-cryptocurrency-blockchain-introduction-digital-currency,University of Pennsylvania,Cryptocurrency and Blockchain: An Introduction to Digital Currencies,All Levels,0.0,English,4,"Aug 23, 2019"
Coursera,understanding-arguments,Duke University,Think Again I: How to Understand Arguments,Advanced,0.0,English,5,"Dec 24, 2019"
Coursera,develop-your-musicianship,Berklee College of Music,Developing Your Musicianship,Intermediate,39.99,English,2,"May 01, 2020"
Coursera,wharton-operations,University of Pennsylvania,Introduction to Operations Management,All Levels,0.0,English,5,"May 22, 2018"
Coursera,oralcavity,University of Pennsylvania,The Oral Cavity: Portal to Health and Disease,All Levels,0.0,English,5,"Jan 03, 2018"
Coursera,preparing-cloud-associate-cloud-engineer-exam,Google Cloud,Preparing for the Google Cloud Associate Cloud Engineer Exam,Beginner,9.99,English,3,"Apr 25, 2020"
Coursera,neuroscience-neuroimaging,Johns Hopkins University,Fundamental Neuroscience for Neuroimaging,Beginner,0.0,English,5,"May 27, 2019"
Coursera,european-law-fundamentals,Lund University,European Business Law: Understanding the Fundamentals,Beginner,9.99,English,2,"Jun 21, 2016"
Coursera,teachlanguageonline,Arizona State University,Teach English Now! Teaching Language Online,Beginner,9.99,English,4,"Feb 12, 2020"
Coursera,front-end-react,The Hong Kong University of Science and Technology,Front-End Web Development with React,Advanced,0.0,English,4,"Oct 04, 2018"
Coursera,music-business-foundations,Berklee College of Music,Music Business Foundations,Beginner,39.99,English,5,"May 11, 2020"
Coursera,intro-business-analytics,University of Illinois at Urbana-Champaign,Introduction to Business Analytics: Communicating with Data,Intermediate,49.0,English,2,"Jun 07, 2020"
Coursera,ml-foundations,University of Washington,Machine Learning Foundations: A Case Study Approach,All Levels,9.99,English,4,"May 22, 2020"
Coursera,accounting-analytics,University of Pennsylvania,Accounting Analytics,Beginner,59.0,English,4,"Oct 04, 2019"
Coursera,strategic-business-management-microeconomics,"University of California, Irvine",Strategic Business Management - Microeconomics,Beginner,0.0,English,4,"Jun 07, 2020"
Coursera,epidemic-pandemic-outbreak,University of Pittsburgh,"Epidemics, Pandemics and Outbreaks",Advanced,0.0,English,5,"Oct 07, 2020"
Coursera,roman-architecture,Yale University,Roman Architecture,All Levels,49.0,English,5,"Apr 01, 2018"
Coursera,data-management,The University of Edinburgh,Research Data Management and Sharing,Advanced,9.99,English,4,"Dec 14, 2019"
Coursera,introduction-genomics,Johns Hopkins University,Introduction to Genomic Technologies,Intermediate,0.0,English,5,"Jul 06, 2017"
Coursera,strategic-management,Copenhagen Business School,Strategic Management,Beginner,9.99,English,5,"Mar 13, 2016"
Coursera,cybersecurity-compliance-framework-system-administration,IBM,Cybersecurity Compliance Framework & System Administration,Intermediate,9.99,English,5,"May 01, 2020"
Coursera,legal-tech-startups,IE Business School,Legal Tech & Startups,Intermediate,9.99,English,5,"Feb 29, 2020"
Coursera,intro-chemistry,Duke University,Introduction to Chemistry:  Reactions and Ratios,Advanced,0.0,English,5,"Apr 17, 2020"
Coursera,stem-cells,American Museum of Natural History,The Science of Stem Cells,Intermediate,39.99,English,5,"Jun 10, 2020"
Coursera,the-business-of-product-management-one,Advancing Women in Product,The Business of Product Management I,Beginner,0.0,English,5,"Oct 07, 2020"
Coursera,positive-psychology-resilience,University of Pennsylvania,Positive Psychology: Resilience Skills,Beginner,0.0,English,4,"Aug 06, 2017"
Coursera,ai-for-medical-prognosis,DeepLearning.AI,AI for Medical Prognosis,All Levels,9.99,English,5,"May 29, 2020"
Coursera,antibiotic-stewardship,Stanford University,Antibiotic Stewardship,Beginner,49.0,English,4,"Nov 22, 2019"
Coursera,emt-foundations,University of Colorado System,EMT Foundations,All Levels,9.99,English,5,"Jul 19, 2020"
Coursera,iiot-google-cloud-platform,Google Cloud,Industrial IoT on Google Cloud Platform,Intermediate,9.99,English,4,"Apr 14, 2020"
Coursera,ibm-penetration-testing-incident-response-forensics,IBM,"Penetration Testing, Incident Response and Forensics",Beginner,0.0,English,3,"Jul 17, 2020"
Coursera,database-management,University of Colorado System,Database Management Essentials,Advanced,49.0,English,4,"Feb 20, 2016"
Coursera,everyday-chinese-medicine,The Chinese University of Hong Kong,Everyday Chinese Medicine,Intermediate,9.99,English,5,"Dec 03, 2017"
Coursera,fundamental-machine-learning-healthcare,Stanford University,Fundamentals of Machine Learning for Healthcare,All Levels,0.0,English,5,"Sep 09, 2020"
Coursera,magic-middle-ages,Universitat de Barcelona,Magic in the Middle Ages,Advanced,0.0,English,4,"Apr 02, 2018"
Coursera,challenging-forensic-science,University of Lausanne,Challenging Forensic Science: How Science Should Speak to Court,Beginner,9.99,English,5,"Jan 03, 2019"
Coursera,exploring-renewable-energy,University of Pennsylvania,Exploring Renewable Energy Schemes,Intermediate,0.0,English,5,"Apr 13, 2020"
Coursera,theropods-birds,University of Alberta,Paleontology: Theropod Dinosaurs and the Origin of Birds,All Levels,0.0,English,5,"Sep 21, 2018"
Coursera,corporatestrategy,UCL School of Management,Corporate Strategy,Intermediate,9.99,English,5,"Feb 14, 2018"
Coursera,getting-started-with-essay-writing,"University of California, Irvine",Getting Started with Essay Writing,Beginner,0.0,English,4,"Feb 04, 2016"
Coursera,actualizacion-manejo-diabetes-tipo-2,Universidad Nacional Autónoma de México,Actualización en el manejo del paciente con diabetes mellitus tipo 2,Intermediate,39.99,Spanish,5,"Oct 07, 2020"
Coursera,mastering-final-cut-pro,LearnQuest,Mastering Final Cut Pro,All Levels,0.0,English,2,"May 05, 2020"
Coursera,tricky-american-english-pronunciation,"University of California, Irvine",Tricky American English Pronunciation,Advanced,9.99,English,5,"Jul 23, 2020"
Coursera,uva-darden-agile-team-management,University of Virginia,Managing an Agile Team,Beginner,0.0,English,2,"Aug 23, 2020"
Coursera,competencias-lab,Universidad de Chile,"Competencias Laborales: Perfiles, Evaluación y Capacitación.",Advanced,49.0,Spanish,4,"Apr 07, 2018"
Coursera,getting-started-with-tensor-flow2,Imperial College London,Getting started with TensorFlow 2,Advanced,39.99,English,4,"Aug 25, 2020"
Coursera,geopolitics-europe,Sciences Po,Geopolitics of Europe,All Levels,49.0,English,2,"Feb 09, 2019"
Coursera,truthinourbones-osteoarchaeology-archaeology,Universiteit Leiden,Osteoarchaeology: The Truth in Our Bones,Beginner,0.0,English,4,"Nov 04, 2016"
Coursera,pca-machine-learning,Imperial College London,Mathematics for Machine Learning: PCA,Intermediate,0.0,English,3,"Jun 07, 2020"
Coursera,object-oriented-java,University of California San Diego,Object Oriented Programming in Java,Intermediate,59.0,English,3,"Feb 10, 2020"
Coursera,embedded-software-hardware,University of Colorado Boulder,Embedded Software and Hardware Architecture,Advanced,0.0,English,5,"Mar 26, 2020"
Coursera,memoir-reader-relationship,Wesleyan University,Memoir and Personal Essay: Managing Your Relationship with the Reader,Beginner,39.99,English,4,"Jul 19, 2020"
Coursera,mathematics-and-python,Moscow Institute of Physics and Technology,Математика и Python для анализа данных,Beginner,49.0,Russian,2,"Oct 17, 2017"
Coursera,aulaconstructivista,Pontificia Universidad Católica de Chile,Hacia una práctica constructivista en el aula,Advanced,39.99,Spanish,5,"Apr 05, 2018"
Coursera,uva-darden-agile-testing,University of Virginia,Hypothesis-Driven Development,Beginner,9.99,English,3,"May 27, 2020"
Coursera,spectroscopy,University of Manchester   ,Introduction to Molecular Spectroscopy,All Levels,59.0,English,4,"Apr 23, 2020"
Coursera,managing-as-a-coach,"University of California, Davis",Managing as a Coach,Advanced,0.0,English,3,"Aug 13, 2018"
