Plataform,course_id,Institution,Title,Level,Price,Language,Rating
Coursera,machine-learning,Stanford University,Machine Learning,Unknown,0,English,4.56
Coursera,indigenous-canada,University of Alberta,Indigenous Canada,Unknown,0,English,4.83
Coursera,the-science-of-well-being,Yale University,The Science of Well-Being,Unknown,0,English,4.94
Coursera,technical-support-fundamentals,Google,Technical Support Fundamentals,Unknown,0,English,4.4
Coursera,google-cbrs-cpi-training,Google - Spectrum Sharing,Become a CBRS Certified Professional Installer by Google,Unknown,0,English,4.0
Coursera,financial-markets-global,Yale University,Financial Markets,Unknown,0,English,4.23
Coursera,introduction-psychology,Yale University,Introduction to Psychology,Unknown,0,English,4.79
Coursera,python,University of Michigan,Programming for Everybody (Getting Started with Python),Unknown,0,English,4.89
Coursera,computer-networking,Google,The Bits and Bytes of Computer Networking,Unknown,0,English,4.13
Coursera,ai-for-everyone,DeepLearning.AI,AI For Everyone,Unknown,0,English,4.91
Coursera,python-crash-course,Google,Crash Course on Python,Unknown,0,English,4.43
Coursera,psychological-first-aid,Johns Hopkins University,Psychological First Aid,Unknown,0,English,4.69
Coursera,neural-networks-deep-learning,DeepLearning.AI,Neural Networks and Deep Learning,Unknown,0,English,4.64
Coursera,what-is-datascience,IBM,What is Data Science?,Unknown,0,English,4.43
Coursera,negotiation-skills,University of Michigan,Successful Negotiation: Essential Strategies and Skills,Unknown,0,English,4.84
Coursera,uva-darden-project-management,University of Virginia,Fundamentals of Project Planning and Management,Unknown,0,English,4.59
Coursera,project-management,"University of California, Irvine",Project Launch,Unknown,0,English,3.0
Coursera,brand,London Business School,"Brand Management: Aligning Business, Brand and Behaviour",Unknown,0,English,4.88
Coursera,sciwrite,Stanford University,Writing in the Sciences,Unknown,0,English,4.88
Coursera,food-and-health,Stanford University,Stanford Introduction to Food and Health,Unknown,0,English,4.59
Coursera,html-css-javascript-for-web-developers,Johns Hopkins University,"HTML, CSS, and Javascript for Web Developers",Unknown,0,English,4.78
Coursera,excel-essentials,Macquarie University,Excel Skills for Business: Essentials,Unknown,0,English,4.72
Coursera,negotiation,Yale University,Introduction to Negotiation: A Strategic Playbook for Becoming a Principled and Persuasive Negotiator,Unknown,0,English,4.52
Coursera,everyday-excel-part-1,University of Colorado Boulder,"Everyday Excel, Part 1",Unknown,0,English,1.5
Coursera,learning-how-to-learn,University of California San Diego,Learning How to Learn: Powerful mental tools to help you master tough subjects,Unknown,0,English,4.79
Coursera,gcp-fundamentals,Google Cloud,Google Cloud Platform Fundamentals: Core Infrastructure,Unknown,0,English,3.66
Coursera,wharton-contagious-viral-marketing,University of Pennsylvania,Viral Marketing and How to Craft Contagious Content,Unknown,0,English,4.7
Coursera,python-data,University of Michigan,Python Data Structures,Unknown,0,English,5.0
Coursera,private-equity,Università Bocconi,Private Equity and Venture Capital,Unknown,0,English,4.77
Coursera,learn-korean,Yonsei University,First Step Korean,Unknown,0,English,4.87
Coursera,introduction-tensorflow,DeepLearning.AI,"Introduction to TensorFlow for Artificial Intelligence, Machine Learning, and Deep Learning",Unknown,0,English,4.51
Coursera,os-power-user,Google,Operating Systems and You: Becoming a Power User,Unknown,0,English,4.28
Coursera,open-source-tools-for-data-science,IBM,Tools for Data Science,Unknown,0,English,3.4
Coursera,deep-neural-network,DeepLearning.AI,"Improving Deep Neural Networks: Hyperparameter tuning, Regularization and Optimization",Unknown,0,English,4.39
Coursera,diversity-inclusion-workplace,ESSEC Business School,Diversity and inclusion in the workplace,Unknown,0,English,4.49
Coursera,clinical-trials,Johns Hopkins University,Design and Interpretation of Clinical Trials,Unknown,0,English,5.0
Coursera,visual-elements-user-interface-design,California Institute of the Arts,Visual Elements of User Interface Design,Unknown,0,English,4.67
Coursera,mafash,Università Bocconi,Management of Fashion and Luxury Companies,Unknown,0,English,4.74
Coursera,pap,Universitat Autònoma de Barcelona,Primeros Auxilios Psicológicos (PAP),Unknown,0,Spanish,4.93
Coursera,social-psychology,Wesleyan University,Social Psychology,Unknown,0,English,4.5
Coursera,project-planning,"University of California, Irvine",Initiating and Planning Projects,Unknown,0,English,4.67
Coursera,computational-thinking-problem-solving,University of Pennsylvania,Computational Thinking for Problem Solving,Unknown,0,English,4.29
Coursera,agile-atlassian-jira,Atlassian,Agile with Atlassian Jira,Unknown,0,English,4.64
Coursera,fundamentals-of-graphic-design,California Institute of the Arts,Fundamentals of Graphic Design,Unknown,0,English,4.61
Coursera,user-experience-design,Georgia Institute of Technology,Introduction to User Experience Design,Unknown,0,English,4.52
Coursera,wharton-marketing,University of Pennsylvania,Introduction to Marketing,Unknown,0,English,4.94
Coursera,python-for-applied-data-science-ai,IBM,Python for Data Science and AI,Unknown,0,English,4.01
Coursera,uva-darden-market-analytics,University of Virginia,Marketing Analytics,Unknown,0,English,4.8
Coursera,classification-vector-spaces-in-nlp,DeepLearning.AI,Natural Language Processing with Classification and Vector Spaces,Unknown,0,English,4.73
Coursera,wharton-quantitative-modeling,University of Pennsylvania,Fundamentals of Quantitative Modeling,Unknown,0,English,4.08
Coursera,linear-algebra-machine-learning,Imperial College London,Mathematics for Machine Learning: Linear Algebra,Unknown,0,English,4.0
Coursera,python-data-analysis,University of Michigan,Introduction to Data Science in Python,Unknown,0,English,3.8
Coursera,wharton-customer-analytics,University of Pennsylvania,Customer Analytics,Unknown,0,English,4.6
Coursera,introduction-psych,University of Toronto,Introduction to Psychology,Unknown,0,English,4.82
Coursera,careerdevelopment,University of Pennsylvania,English for Career Development,Unknown,0,English,4.93
Coursera,global-diplomacy,University of London,Global Diplomacy – Diplomacy in the Modern World,Unknown,0,English,4.0
Coursera,sql-for-data-science,"University of California, Davis",SQL for Data Science,Unknown,0,English,4.38
Coursera,professional-emails-english,Georgia Institute of Technology,Write Professional Emails in English,Unknown,0,English,4.51
Coursera,medical-neuroscience,Duke University,Medical Neuroscience,Unknown,0,English,4.89
Coursera,system-administration-it-infrastructure-services,Google,System Administration and IT Infrastructure Services,Unknown,0,English,4.67
Coursera,womens-health-human-rights,Stanford University,International Women's Health and Human Rights,Unknown,0,English,4.82
Coursera,childnutrition,Stanford University,Child Nutrition and Cooking,Unknown,0,English,4.94
Coursera,neurobiology,The University of Chicago,Understanding the Brain: The Neurobiology of Everyday Life,Unknown,0,English,4.72
Coursera,social-media-marketing-introduction,Facebook,Introduction to Social Media Marketing,Unknown,0,English,4.0
Coursera,forensic-accounting,West Virginia University,Forensic Accounting and Fraud Examination,Unknown,0,English,4.37
Coursera,clinical-terminology,University of Pittsburgh,Clinical Terminology for International and U.S. Students,Unknown,0,English,4.92
Coursera,science-exercise,University of Colorado Boulder,Science of Exercise,Unknown,0,English,4.67
Coursera,uva-darden-digital-product-management,University of Virginia,Digital Product Management: Modern Fundamentals,Unknown,0,English,5.0
Coursera,datasciencemathskills,Duke University,Data Science Math Skills,Unknown,0,English,4.04
Coursera,machine-learning-projects,DeepLearning.AI,Structuring Machine Learning Projects,Unknown,0,English,4.53
Coursera,american-law,University of Pennsylvania,An Introduction to American Law,Unknown,0,English,4.54
Coursera,content-marketing,"University of California, Davis",The Strategy of Content Marketing,Unknown,0,English,4.46
Coursera,introduction-cybersecurity-cyber-attacks,IBM,Introduction to Cybersecurity Tools & Cyber Attacks,Unknown,0,English,4.4
Coursera,data-scientists-tools,Johns Hopkins University,The Data Scientist’s Toolbox,Unknown,0,English,4.08
Coursera,animal-welfare,The University of Edinburgh,Animal Behaviour and Welfare,Unknown,0,English,4.8
Coursera,convolutional-neural-networks-tensorflow,DeepLearning.AI,Convolutional Neural Networks in TensorFlow,Unknown,0,English,4.62
Coursera,positive-psychology-visionary-science,University of Pennsylvania,Positive Psychology: Martin E. P. Seligman’s Visionary Science,Unknown,0,English,2.81
Coursera,cancer,Johns Hopkins University,Introduction to the Biology of Cancer,Unknown,0,English,4.73
Coursera,convolutional-neural-networks,DeepLearning.AI,Convolutional Neural Networks,Unknown,0,English,3.17
Coursera,python-network-data,University of Michigan,Using Python to Access Web Data,Unknown,0,English,4.57
Coursera,physiology,Duke University,Introductory Human Physiology,Unknown,0,English,4.82
Coursera,systematic-review,Johns Hopkins University,Introduction to Systematic Review and Meta-Analysis,Unknown,0,English,4.09
Coursera,communication-strategies-virtual-age,University of Toronto,Communication Strategies for a Virtual Age,Unknown,0,English,4.33
Coursera,moral-politics,Yale University,Moral Foundations of Politics,Unknown,0,English,5.0
Coursera,etudier-en-france,École Polytechnique,Étudier en France: French Intermediate course B1-B2,Unknown,0,French,4.86
Coursera,company-future-management,London Business School,Managing the Company of the Future,Unknown,0,English,4.92
Coursera,site-reliability-engineering-slos,Google Cloud,Site Reliability Engineering: Measuring and Managing Reliability,Unknown,0,English,3.0
Coursera,autism-spectrum-disorder,"University of California, Davis",Autism Spectrum Disorder,Unknown,0,English,4.3
Coursera,data-science-methodology,IBM,Data Science Methodology,Unknown,0,English,4.57
Coursera,wharton-accounting,University of Pennsylvania,Introduction to Financial Accounting,Unknown,0,English,4.55
Coursera,marketing-digital,University of Illinois at Urbana-Champaign,Marketing in a Digital World,Unknown,0,English,4.51
Coursera,wind-energy,Technical University of Denmark (DTU),Wind Energy,Unknown,0,English,4.68
Coursera,sustainable-finance,Erasmus University Rotterdam,Principles of Sustainable Finance,Unknown,0,English,4.0
Coursera,financial-engineering-1,Columbia University,Financial Engineering and Risk Management Part I,Unknown,0,English,2.45
Coursera,philosophy,The University of Edinburgh,Introduction to Philosophy,Unknown,0,English,4.58
Coursera,analytics-business-metrics,Duke University,Business Metrics for Data-Driven Companies,Unknown,0,English,3.34
Coursera,python-basics,University of Michigan,Python Basics,Unknown,0,English,2.31
Coursera,sustainability,University of Illinois at Urbana-Champaign,Introduction to Sustainability,Unknown,0,English,5.0
Coursera,positive-psychiatry,The University of Sydney,Positive Psychiatry and Mental Health,Unknown,0,English,4.43
Coursera,crypto,Stanford University,Cryptography I,Unknown,0,English,5.0
Coursera,teach-online,UNSW Sydney (The University of New South Wales),Learning to Teach Online,Unknown,0,English,4.68
Coursera,it-security,Google,IT Security: Defense against the digital dark arts,Unknown,0,English,5.0
Coursera,neuromarketing,Copenhagen Business School,An Introduction to Consumer Neuroscience & Neuromarketing,Unknown,0,English,3.97
Coursera,gamification,University of Pennsylvania,Gamification,Unknown,0,English,3.56
Coursera,contabilidad,Universidad Nacional Autónoma de México,Contabilidad para no contadores,Unknown,0,Spanish,4.74
Coursera,python-operating-system,Google,Using Python to Interact with the Operating System,Unknown,0,English,3.94
Coursera,cs-fundamentals-1,University of Illinois at Urbana-Champaign,Object-Oriented Data Structures in C++,Unknown,0,English,4.48
Coursera,gcp-big-data-ml-fundamentals,Google Cloud,Google Cloud Platform Big Data and Machine Learning Fundamentals,Unknown,0,English,3.96
Coursera,sql-data-science,IBM,Databases and SQL for Data Science,Unknown,0,English,4.34
Coursera,natural-language-processing-tensorflow,DeepLearning.AI,Natural Language Processing in TensorFlow,Unknown,0,English,5.0
Coursera,advanced-valuation-and-strategy,Erasmus University Rotterdam,"Advanced Valuation and Strategy - M&A, Private Equity, and Venture Capital",Unknown,0,English,4.49
Coursera,vital-signs,University of Pennsylvania,Vital Signs: Understanding What the Body Is Telling Us,Unknown,0,English,4.83
Coursera,research-methods,University of London,Understanding Research Methods,Unknown,0,English,4.54
Coursera,ibm-customer-engagement-specialist,IBM,IBM Customer Engagement Specialist Professional Certificate,Unknown,0,English,2.5
Coursera,introduction-to-calculus,The University of Sydney,Introduction to Calculus,Unknown,0,English,4.94
Coursera,camino-excelencia-gestion-proyectos,Pontificia Universidad Católica de Chile,Camino a la Excelencia en Gestión de Proyectos,Unknown,0,Spanish,4.64
Coursera,html,University of Michigan,Introduction to HTML5,Unknown,0,English,3.14
Coursera,wine,"University of California, Davis",Wine Tasting: Sensory Techniques for Wine Analysis,Unknown,0,English,4.85
Coursera,excel-intermediate-1,Macquarie University,Excel Skills for Business: Intermediate I,Unknown,0,English,4.3
Coursera,duke-programming-web,Duke University,"Programming Foundations with JavaScript, HTML and CSS",Unknown,0,English,4.31
Coursera,build-a-computer,Hebrew University of Jerusalem,Build a Modern Computer from First Principles: From Nand to Tetris (Project-Centered Course),Unknown,0,English,4.29
Coursera,food-beverage-management,Università Bocconi,Food & Beverage Management,Unknown,0,English,4.93
Coursera,data-analysis-with-python,IBM,Data Analysis with Python,Unknown,0,English,3.94
Coursera,uva-darden-getting-started-agile,University of Virginia,Agile Meets Design Thinking,Unknown,0,English,3.78
Coursera,aws-fundamentals-going-cloud-native,Amazon Web Services,AWS Fundamentals: Going Cloud-Native,Unknown,0,English,4.4
Coursera,construction-project-management,Columbia University,Construction Project Management,Unknown,0,English,2.47
Coursera,mathematical-thinking,Stanford University,Introduction to Mathematical Thinking,Unknown,0,English,1.0
Coursera,everyday-parenting,Yale University,Everyday Parenting: The ABCs of Child Rearing,Unknown,0,English,4.93
Coursera,intro-to-healthcare,Stanford University,Introduction to Healthcare,Unknown,0,English,4.0
Coursera,machine-learning-with-python,IBM,Machine Learning with Python,Unknown,0,English,4.03
Coursera,terrorism,Universiteit Leiden,Terrorism and Counterterrorism: Comparing Theory and Practice,Unknown,0,English,4.87
Coursera,clinical-data-management,Vanderbilt University,Data Management for Clinical Research,Unknown,0,English,2.25
Coursera,data-science-k-means-clustering-python,University of London,Foundations of Data Science: K-Means Clustering in Python,Unknown,0,English,3.0
Coursera,instructional-design-foundations-applications,University of Illinois at Urbana-Champaign,Instructional Design Foundations and Applications,Unknown,0,English,4.36
Coursera,enlinea,Universidad Nacional Autónoma de México,Cursos en línea: modelo para armar,Unknown,0,Spanish,4.0
Coursera,modern-art-ideas,The Museum of Modern Art,Modern Art & Ideas,Unknown,0,English,4.84
Coursera,speak-english-professionally,Georgia Institute of Technology,"Speak English Professionally: In Person, Online & On the Phone",Unknown,0,English,4.3
Coursera,gcp-infrastructure-foundation,Google Cloud,Essential Google Cloud Infrastructure: Foundation,Unknown,0,English,3.8
Coursera,introduction-to-ai,IBM,Introduction to Artificial Intelligence (AI),Unknown,0,English,4.24
Coursera,dog-emotion-and-cognition,Duke University,Dog Emotion and Cognition,Unknown,0,English,4.81
Coursera,organizational-behavior,Università Bocconi,International Leadership and Organizational Behavior,Unknown,0,English,4.67
Coursera,sdgbusiness,Erasmus University Rotterdam,Driving business towards the Sustainable Development Goals,Unknown,0,English,5.0
Coursera,global-sustainable-development,University of Copenhagen,"The Sustainable Development Goals – A global, transdisciplinary vision for the future",Unknown,0,English,4.83
Coursera,bcg-uva-darden-digital-transformation,BCG,Digital Transformation,Unknown,0,English,4.62
Coursera,nlp-sequence-models,DeepLearning.AI,Sequence Models,Unknown,0,Spanish,4.49
Coursera,entrepreneur-changement,HEC Paris,Devenir entrepreneur du changement,Unknown,0,French,2.0
Coursera,photography,The Museum of Modern Art,Seeing Through Photographs,Unknown,0,English,4.77
Coursera,wharton-entrepreneurship-opportunity,University of Pennsylvania,Entrepreneurship 1: Developing the Opportunity,Unknown,0,English,4.45
Coursera,search-engine-optimization,"University of California, Davis",Introduction to Search Engine Optimization,Unknown,0,English,4.33
Coursera,learn-speak-korean1,Yonsei University,Learn to Speak Korean 1,Unknown,0,English,4.93
Coursera,drug-development,University of California San Diego,Drug Development,Unknown,0,English,4.28
Coursera,r-programming,Johns Hopkins University,R Programming,Unknown,0,English,4.59
Coursera,money-banking,Columbia University,Economics of Money and Banking,Unknown,0,English,3.57
Coursera,learn-chinese,Peking University,Chinese for Beginners,Unknown,0,English,4.81
Coursera,grammar-punctuation,"University of California, Irvine",Grammar and Punctuation,Unknown,0,English,4.49
Coursera,japanese-1,Saint Petersburg State University,Japanese for beginners 1,Unknown,0,English,4.08
Coursera,intro-common-law,University of London,Introduction to English Common Law,Unknown,0,English,5.0
Coursera,dental-medicine-penn,University of Pennsylvania,Introduction to Dental Medicine,Unknown,0,English,4.55
Coursera,fundamentals-of-reinforcement-learning,Alberta Machine Intelligence Institute,Fundamentals of Reinforcement Learning,Unknown,0,English,2.5
Coursera,principles-of-macroeconomics,"University of California, Irvine",The Power of Macroeconomics: Economic Principles in the Real World,Unknown,0,English,4.23
Coursera,corp-sustainability,Università Bocconi,Corporate Sustainability. Understanding and Seizing the Strategic Opportunity,Unknown,0,English,5.0
Coursera,duke-behavioral-finance,Duke University,Behavioral Finance,Unknown,0,English,4.46
Coursera,tensorflow-sequences-time-series-and-prediction,DeepLearning.AI,"Sequences, Time Series and Prediction",Unknown,0,English,3.7
Coursera,supply-chain-logistics,Rutgers the State University of New Jersey,Supply Chain Logistics,Unknown,0,English,4.63
Coursera,project-execution,"University of California, Irvine",Project Execution,Unknown,0,English,3.0
Coursera,nutricion-obesidad-sobrepeso,Universidad Nacional Autónoma de México,Nutrición y obesidad: control de sobrepeso,Unknown,0,Spanish,4.92
Coursera,microeconomics,University of Illinois at Urbana-Champaign,Microeconomics Principles,Unknown,0,English,4.96
Coursera,craft-of-plot,Wesleyan University,Creative Writing: The Craft of Plot,Unknown,0,English,4.62
Coursera,astro,University of Arizona,Astronomy: Exploring Time and Space,Unknown,0,English,4.92
Coursera,oilandgas,Duke University,Oil & Gas Industry Operations and Markets,Unknown,0,English,4.92
Coursera,uva-darden-design-thinking-innovation,University of Virginia,Design Thinking for Innovation,Unknown,0,English,3.5
Coursera,becoming-a-veterinarian,The University of Edinburgh,EDIVET: Do you have what it takes to be a veterinarian?,Unknown,0,English,5.0
Coursera,learn-to-program,University of Toronto,Learn to Program: The Fundamentals,Unknown,0,English,4.68
Coursera,uva-darden-financial-accounting,University of Virginia,Financial Accounting Fundamentals,Unknown,0,English,4.82
Coursera,finding-purpose-and-meaning-in-life,University of Michigan,Finding Purpose and Meaning In Life: Living for What Matters Most,Unknown,0,English,4.73
Coursera,clinical-research,University of Cape Town,Understanding Clinical Research: Behind the Statistics,Unknown,0,English,5.0
Coursera,epidemiology,The University of North Carolina at Chapel Hill,Epidemiology: The Basic Science of Public Health,Unknown,0,English,4.74
Coursera,fashion-design,The Museum of Modern Art,Fashion as Design,Unknown,0,English,4.79
Coursera,teamwork-skills-effective-communication,University of Colorado Boulder,Teamwork Skills: Communicating Effectively in Groups,Unknown,0,English,4.67
Coursera,feminism-social-justice,"University of California, Santa Cruz",Feminism and Social Justice,Unknown,0,English,4.85
Coursera,international-organizations-management,University of Geneva,International Organizations Management,Unknown,0,English,4.0
Coursera,estrategia-marketing-digital,Universidade de São Paulo,Marketing Digital,Unknown,0,English,4.21
Coursera,gis,"University of California, Davis",Fundamentals of GIS,Unknown,0,English,4.41
Coursera,elearning,University of Illinois at Urbana-Champaign,e-Learning Ecologies: Innovative Approaches to Teaching and Learning for the Digital Age,Unknown,0,English,5.0
Coursera,excel-vba-for-creative-problem-solving-part-1,University of Colorado Boulder,"Excel/VBA for Creative Problem Solving, Part 1",Unknown,0,English,4.29
Coursera,international-taxation,Universiteit Leiden,Rethinking International Tax Law,Unknown,0,English,5.0
Coursera,probability-intro,Duke University,Introduction to Probability and Data with R,Unknown,0,English,4.0
Coursera,understanding-visualization-data,University of Michigan,Understanding and Visualizing Data with Python,Unknown,0,English,3.6
Coursera,data-visualization-tableau,"University of California, Davis",Fundamentals of Visualization with Tableau,Unknown,0,English,3.0
Coursera,sas-programming-basics,SAS,Getting Started with SAS Programming,Unknown,0,English,5.0
Coursera,uol-machine-learning-for-all,University of London,Machine Learning for All,Unknown,0,English,4.2
Coursera,python-databases,University of Michigan,Using Databases with Python,Unknown,0,English,4.7
Coursera,dino101,University of Alberta,Dino 101: Dinosaur Paleobiology,Unknown,0,English,5.0
Coursera,sports-marketing,Northwestern University,Sports Marketing,Unknown,0,English,4.78
Coursera,matlab,Vanderbilt University,Introduction to Programming with MATLAB,Unknown,0,English,4.74
Coursera,managing-human-resources,University of Minnesota,Preparing to Manage Human Resources,Unknown,0,English,3.4
Coursera,solar-energy-basics,The State University of New York,Solar Energy Basics,Unknown,0,English,4.09
Coursera,bootstrap-4,The Hong Kong University of Science and Technology,Front-End Web UI Frameworks and Tools: Bootstrap 4,Unknown,0,English,4.67
Coursera,google-cloud-java-spring,Google Cloud,Building Scalable Java Microservices with Spring Boot and Spring Cloud,Unknown,0,English,4.0
Coursera,forensic-science,"Nanyang Technological University, Singapore",Introduction to Forensic Science,Unknown,0,English,4.82
Coursera,google-cloud-product-fundamentals,Google Cloud,Google Cloud Product Fundamentals,Unknown,0,English,1.0
Coursera,contracts-1,Yale University,American Contract Law I,Unknown,0,English,5.0
Coursera,engineering-health-yoga-physiology,New York University,Engineering Health: Introduction to Yoga and Physiology,Unknown,0,English,5.0
Coursera,ai-for-medical-diagnosis,DeepLearning.AI,AI for Medical Diagnosis,Unknown,0,English,1.0
Coursera,electronics,Georgia Institute of Technology,Introduction to Electronics,Unknown,0,English,3.55
Coursera,international-humanitarian-law,Universiteit Leiden,International Humanitarian Law in Theory and Practice,Unknown,0,English,4.91
Coursera,making-architecture,IE School of Architecture & Design,Making Architecture,Unknown,0,English,4.87
Coursera,model-thinking,University of Michigan,Model Thinking,Unknown,0,English,4.85
Coursera,dyslexia-difficulties,University of London,Supporting children with difficulties in reading and writing,Unknown,0,English,4.67
Coursera,innovation-management,Erasmus University Rotterdam,Innovation Management,Unknown,0,English,4.05
Coursera,people-management,"Birkbeck, University of London",The Manager's Toolkit: A Practical Guide to Managing People at Work,Unknown,0,English,4.33
Coursera,modern-world,University of Virginia,"The Modern World, Part One: Global History from 1760 to 1910",Unknown,0,English,4.42
Coursera,supply-chain-principles,Georgia Institute of Technology,Supply Chain Principles,Unknown,0,English,4.77
Coursera,gcp-infrastructure-core-services,Google Cloud,Essential Google Cloud Infrastructure: Core Services,Unknown,0,French,4.38
Coursera,weight-management-beyond-balancing-calories,Emory University,Weight Management: Beyond Balancing Calories,Unknown,0,English,4.57
Coursera,human-language,Universiteit Leiden,Miracles of Human Language: An Introduction to Linguistics,Unknown,0,English,4.68
Coursera,java-programming,Duke University,Java Programming: Solving Problems with Software,Unknown,0,English,2.27
Coursera,race-cultural-diversity-american-life,University of Illinois at Urbana-Champaign,Race and Cultural Diversity in American Life and History,Unknown,0,English,5.0
Coursera,motivate-people-teams,University of Michigan,Inspiring and Motivating Individuals,Unknown,0,English,4.47
Coursera,competencias-digitales-ofimatica,Universitat Autònoma de Barcelona,"Competencias digitales. Herramientas de ofimática (Microsoft Word, Excel, Power Point)",Unknown,0,English,4.84
Coursera,healing-with-the-arts,University of Florida,Healing with the Arts,Unknown,0,English,4.57
Coursera,wharton-people-analytics,University of Pennsylvania,People Analytics,Unknown,0,English,4.3
Coursera,what-is-social,Northwestern University,What is Social?,Unknown,0,English,4.38
Coursera,ux-design-fundamentals,California Institute of the Arts,UX Design Fundamentals,Unknown,0,English,4.42
Coursera,creative-thinking-techniques-and-tools-for-success,Imperial College London,Creative Thinking: Techniques and Tools for Success,Unknown,0,English,4.96
Coursera,introclassicalmusic,Yale University,Introduction to Classical Music,Unknown,0,English,4.89
Coursera,childrens-rights,University of Geneva,Children's Human Rights - An Interdisciplinary Introduction,Unknown,0,English,4.67
Coursera,investment-management,HEC Paris,Investment Management in an Evolving and Volatile World by HEC Paris and AXA Investment Managers,Unknown,0,English,4.18
Coursera,excel-data-analysis,Rice University,Introduction to Data Analysis Using Excel,Unknown,0,English,3.48
Coursera,manage-health-covid-19,University of Toronto,Mind Control: Managing Your Mental Health During COVID-19,Unknown,0,English,4.63
Coursera,international-criminal-law,Case Western Reserve University,Introduction to International Criminal Law,Unknown,0,English,5.0
Coursera,wharton-fintech-overview-payments-regulations,University of Pennsylvania,"FinTech: Foundations, Payments, and Regulations",Unknown,0,English,2.0
Coursera,mythology,University of Pennsylvania,Greek and Roman Mythology,Unknown,0,English,4.74
Coursera,global-energy,Sciences Po,Politics and Economics of International Energy,Unknown,0,English,4.83
Coursera,english-principles,Arizona State University,Teach English Now! Foundational Principles,Unknown,0,English,4.73
Coursera,business-model,HEC Paris,Business Model Innovation,Unknown,0,English,5.0
Coursera,introtoux-principles-and-processes,University of Michigan,Introduction to User Experience Principles and Processes,Unknown,0,English,4.45
Coursera,beyond-the-sustainable-development-goals-addressing-sustainability-and-development,University of Michigan,Beyond the Sustainable Development Goals (SDGs): Addressing Sustainability and Development,Unknown,0,English,4.0
Coursera,process-mining,Eindhoven University of Technology,Process Mining: Data science in Action,Unknown,0,English,4.1
Coursera,immunologyfundamentalsimmunitybcells,Rice University,Fundamentals of Immunology: Innate Immunity and B-Cell Function,Unknown,0,English,4.45
Coursera,wharton-finance,University of Pennsylvania,Introduction to Corporate Finance,Unknown,0,English,4.33
Coursera,global-diplomacy-un,University of London,Global Diplomacy: the United Nations in the World,Unknown,0,English,4.28
Coursera,algorithmic-toolbox,University of California San Diego,Algorithmic Toolbox,Unknown,0,English,4.63
Coursera,troubles-spectre-autisme-diagnostic,University of Geneva,Troubles du spectre de l'autisme : diagnostic,Unknown,0,French,5.0
Coursera,anatomy403-1x,University of Michigan,Anatomy: Musculoskeletal and Integumentary Systems,Unknown,0,English,4.45
Coursera,crash-course-in-causality,University of Pennsylvania,A Crash Course in Causality:  Inferring Causal Effects from Observational Data,Unknown,0,English,3.0
Coursera,business,University of Pennsylvania,English for Business and Entrepreneurship,Unknown,0,English,4.88
Coursera,attention-models-in-nlp,DeepLearning.AI,Natural Language Processing with Attention Models,Unknown,0,English,3.14
Coursera,getting-started-with-google-sheets,Google Cloud,Getting Started with Google Sheets,Unknown,0,English,3.24
Coursera,python-for-data-visualization,IBM,Data Visualization with Python,Unknown,0,English,3.62
Coursera,negociacion,University of Michigan,Negociación exitosa: Estrategias y habilidades esenciales (en español),Unknown,0,Spanish,5.0
Coursera,decision-making,PwC,Data-driven Decision Making,Unknown,0,English,4.09
Coursera,fe-exam,Georgia Institute of Technology,Fundamentals of Engineering Exam Review,Unknown,0,English,3.0
Coursera,gender-sexuality,University of Pittsburgh,Gender and Sexuality: Diversity and Inclusion in the Workplace,Unknown,0,English,4.47
Coursera,seo-fundamentals,"University of California, Davis",Search Engine Optimization Fundamentals,Unknown,0,English,5.0
Coursera,essentials-global-health,Yale University,Essentials of Global Health,Unknown,0,English,4.89
Coursera,international-security-management,Erasmus University Rotterdam,International Security Management,Unknown,0,English,4.89
Coursera,aws-machine-learning,Amazon Web Services,Getting Started with AWS Machine Learning,Unknown,0,English,4.67
Coursera,einstein-relativity,Stanford University,Understanding Einstein: The Special Theory of Relativity,Unknown,0,English,5.0
Coursera,reussir-le-changement,ESSEC Business School,Réussir le Changement,Unknown,0,French,4.25
Coursera,equine,"University of California, Davis",Equine Welfare and Management,Unknown,0,French,4.0
Coursera,international-migrations,Sciences Po,International migrations: a global issue,Unknown,0,English,4.38
Coursera,web-development,"University of California, Davis",Introduction to Web Development,Unknown,0,English,4.69
Coursera,writing-editing-words,University of Michigan,Writing and Editing: Word Choice and Word Order,Unknown,0,English,3.0
Coursera,digital-advertising-landscape,University of Colorado Boulder,Introduction to the Digital Advertising Landscape,Unknown,0,English,5.0
Coursera,access-control-sscp,(ISC)²,Access Controls,Unknown,0,English,1.0
Coursera,initiating-planning,Rice University,Engineering Project Management: Initiating and Planning,Unknown,0,English,4.39
Coursera,kotlin-for-java-developers,JetBrains,Kotlin for Java Developers,Unknown,0,English,4.68
Coursera,multivariate-calculus-machine-learning,Imperial College London,Mathematics for Machine Learning: Multivariate Calculus,Unknown,0,English,3.41
Coursera,introduction-git-github,Google,Introduction to Git and GitHub,Unknown,0,English,4.42
Coursera,industrial-biotech,University of Manchester   ,Industrial Biotechnology,Unknown,0,English,5.0
Coursera,addiction-and-the-brain,Emory University,The Addicted Brain,Unknown,0,English,4.57
Coursera,aprendiendo-programar-python,Pontificia Universidad Católica de Chile,Introducción a la programación en Python I: Aprendiendo a programar con Python,Unknown,0,Spanish,4.1
Coursera,data-lakes-data-warehouses-gcp,Google Cloud,Modernizing Data Lakes and Data Warehouses with GCP,Unknown,0,English,4.0
Coursera,drug-discovery,University of California San Diego,Drug Discovery,Unknown,0,English,3.0
Coursera,nutrition-pregnancy,Ludwig-Maximilians-Universität München (LMU),Nutrition and Lifestyle in Pregnancy,Unknown,0,English,4.43
Coursera,finance-healthcare-managers,University of Pennsylvania,Financial Acumen for Non-Financial Managers,Unknown,0,English,4.56
Coursera,python-statistics-financial-analysis,The Hong Kong University of Science and Technology,Python and Statistics for Financial Analysis,Unknown,0,English,3.46
Coursera,bugs-101,University of Alberta,Bugs 101: Insect-Human Interactions,Unknown,0,English,5.0
Coursera,autodesk-revit-architectural-design,Autodesk,Autodesk Certified Professional: Revit for Architectural Design Exam Prep,Unknown,0,English,3.81
Coursera,leading-for-equity-diversity-inclusion,University of Michigan,"Leading for Equity, Diversity and Inclusion in Higher Education",Unknown,0,English,4.5
Coursera,wharton-introduction-spreadsheets-models,University of Pennsylvania,Introduction to Spreadsheets and Models,Unknown,0,English,3.0
Coursera,human-needs,University of Toronto,The Arts and Science of Relationships: Understanding Human Needs,Unknown,0,English,4.89
Coursera,clinicalsimulations,The George Washington University,Essentials in Clinical Simulations Across the Health Professions,Unknown,0,English,4.5
Coursera,schedule-projects,"University of California, Irvine",Budgeting and Scheduling Projects,Unknown,0,English,3.84
Coursera,machine-learning-business-professionals,Google Cloud,Machine Learning for Business Professionals,Unknown,0,English,4.53
Coursera,spanish-vocabulary-meeting-people,"University of California, Davis",Spanish Vocabulary: Meeting People,Unknown,0,English,4.37
Coursera,gestionempresarialpyme,Pontificia Universidad Católica de Chile,Gestión Empresarial Exitosa para Pymes,Unknown,0,Spanish,4.86
Coursera,introancientegypt,University of Pennsylvania,Introduction to Ancient Egypt and Its Civilization,Unknown,0,English,4.4
Coursera,infrastructure-investing,Università Bocconi,Financing and Investing in Infrastructure,Unknown,0,English,5.0
Coursera,global-environmental-management,Technical University of Denmark (DTU),Global Environmental Management,Unknown,0,English,4.5
Coursera,wharton-operations-analytics,University of Pennsylvania,Operations Analytics,Unknown,0,English,4.55
Coursera,entrepreneurship-strategy,HEC Paris,Entrepreneurship Strategy: From Ideation to Exit,Unknown,0,English,1.0
Coursera,fintechlawandpolicy,Duke University,FinTech Law and Policy,Unknown,0,English,5.0
Coursera,mental-health,University of Toronto,The Social Context of Mental Health and Illness,Unknown,0,English,5.0
Coursera,contemporary-art,The Museum of Modern Art,What Is Contemporary Art?,Unknown,0,English,4.65
Coursera,producing-music,Berklee College of Music,The Art of Music Production,Unknown,0,English,2.0
Coursera,bayesian-statistics,"University of California, Santa Cruz",Bayesian Statistics: From Concept to Data Analysis,Unknown,0,English,4.5
Coursera,reporting-extra-financier-strategie-rse,ESSEC Business School,Reporting extra-financier et stratégie RSE,Unknown,0,French,5.0
Coursera,quality-healthcare,The George Washington University,Leading Healthcare Quality and Safety,Unknown,0,English,4.17
Coursera,international-relations-theory,National Research University Higher School of Economics,Understanding International Relations Theory,Unknown,0,English,1.0
Coursera,excel-para-negocios,Universidad Austral,Fundamentos de Excel para Negocios,Unknown,0,Spanish,4.72
Coursera,gcp-infrastructure-scaling-automation,Google Cloud,Elastic Google Cloud Infrastructure: Scaling and Automation,Unknown,0,English,4.31
Coursera,cultural-competence-aboriginal-sydney,The University of Sydney,Cultural Competence - Aboriginal Sydney,Unknown,0,English,5.0
Coursera,finanzas-empresariales,Universidad de los Andes,Fundamentos de Finanzas Empresariales,Unknown,0,Spanish,4.78
Coursera,gte-sustainable-cities,Lund University,Greening the Economy: Sustainable Cities,Unknown,0,English,3.6
Coursera,engineering-mechanics-statics,Georgia Institute of Technology,Introduction to Engineering Mechanics,Unknown,0,English,4.89
Coursera,design-strategy,The University of Sydney,Design-Led Strategy: Design thinking for business strategy and entrepreneurship,Unknown,0,English,4.49
Coursera,bioinformatics,University of California San Diego,Biology Meets Programming: Bioinformatics for Beginners,Unknown,0,English,1.85
Coursera,medical-research,Yale University,Understanding Medical Research: Your Facebook Friend is Wrong,Unknown,0,English,5.0
Coursera,cs-fundamentals-2,University of Illinois at Urbana-Champaign,Ordered Data Structures,Unknown,0,English,3.0
Coursera,mindshift,McMaster University,Mindshift: Break Through Obstacles to Learning and Discover Your Hidden Potential,Unknown,0,English,4.81
Coursera,programming-fundamentals,Duke University,Programming Fundamentals,Unknown,0,English,4.52
Coursera,understanding-financial-markets,University of Geneva,Understanding Financial Markets,Unknown,0,English,4.18
Coursera,painting,The Museum of Modern Art,In the Studio: Postwar Abstract Painting,Unknown,0,English,4.83
Coursera,drug-commercialization,University of California San Diego,Drug Commercialization,Unknown,0,English,5.0
Coursera,introduction-to-software-product-management,University of Alberta,Introduction to Software Product Management,Unknown,0,English,3.89
Coursera,norms,Unicef,"Social Norms, Social Change I",Unknown,0,English,4.69
Coursera,excel-intermediate-2,Macquarie University,Excel Skills for Business: Intermediate II,Unknown,0,English,5.0
Coursera,aboriginal-education,University of Toronto,Aboriginal Worldviews and Education,Unknown,0,English,2.0
Coursera,information-systems-audit,The Hong Kong University of Science and Technology,"Information Systems Auditing, Controls and Assurance",Unknown,0,English,4.88
Coursera,six-sigma-principles,University System of Georgia,Six Sigma Principles,Unknown,0,English,3.79
Coursera,writing-for-business,University of Colorado Boulder,Business Writing,Unknown,0,English,5.0
Coursera,autodesk-autocad-design-drafting,Autodesk,Autodesk Certified Professional: AutoCAD for Design and Drafting Exam Prep,Unknown,0,English,5.0
Coursera,typography,California Institute of the Arts,Introduction to Typography,Unknown,0,English,4.47
Coursera,customer-segmentation-prospecting,Northwestern University,Customer Segmentation and Prospecting,Unknown,0,English,4.66
Coursera,gestionar-personas,IESE Business School,Claves para Gestionar Personas,Unknown,0,Spanish,4.68
Coursera,journalism,University of Pennsylvania,English for Journalism,Unknown,0,English,4.72
Coursera,how-things-work,University of Virginia,How Things Work: An Introduction to Physics,Unknown,0,English,4.4
Coursera,business-english-intro,University of Washington,Business English: Networking,Unknown,0,English,4.4
Coursera,summary-statistics,Johns Hopkins University,Summary Statistics in Public Health,Unknown,0,English,4.8
Coursera,globalenergyandclimatepolicy,University of London,Global Energy and Climate Policy,Unknown,0,English,4.52
Coursera,probability-statistics,University of London,Probability and Statistics: To p or not to p?,Unknown,0,English,4.61
Coursera,microbiome,University of Colorado Boulder,Gut Check: Exploring Your Microbiome,Unknown,0,English,4.37
Coursera,erasmus-econometrics,Erasmus University Rotterdam,Econometrics: Methods and Applications,Unknown,0,English,4.27
Coursera,golang-webservices-1,Moscow Institute of Physics and Technology,Разработка веб-сервисов на Go - основы языка,Unknown,0,Russian,3.0
Coursera,analytics-excel,Duke University,Mastering Data Analysis in Excel,Unknown,0,English,1.22
Coursera,basic-statistics,University of Amsterdam,Basic Statistics,Unknown,0,English,3.82
Coursera,python-data-visualization,University of Michigan,"Capstone: Retrieving, Processing, and Visualizing Data with Python",Unknown,0,English,5.0
Coursera,introduction-portfolio-construction-python,EDHEC Business School,Introduction to Portfolio Construction and Analysis with Python,Unknown,0,English,5.0
Coursera,data-analytics-for-lean-six-sigma,University of Amsterdam,Data Analytics for Lean Six Sigma,Unknown,0,English,4.78
Coursera,refugees-21st-century,University of London,Refugees in the 21st Century,Unknown,0,English,5.0
Coursera,containerized-apps-on-aws,Amazon Web Services,Building Containerized Applications on AWS,Unknown,0,English,3.8
Coursera,business-transformation-google-cloud,Google Cloud,Business Transformation with Google Cloud,Unknown,0,English,3.82
Coursera,version-control-with-git,Atlassian,Version Control with Git,Unknown,0,English,4.89
Coursera,transmedia-storytelling,UNSW Sydney (The University of New South Wales),"Transmedia Storytelling: Narrative worlds, emerging technologies, and global audiences",Unknown,0,English,3.0
Coursera,excel-aplicado-negocios-avanzado,Universidad Austral,Excel aplicado a los negocios (Nivel Avanzado),Unknown,0,Spanish,4.67
Coursera,public-speaking,University of Washington,Introduction to Public Speaking,Unknown,0,English,4.54
Coursera,conversational-experiences-dialogflow,Google Cloud,Building Conversational Experiences with Dialogflow,Unknown,0,English,4.17
Coursera,guitar,Berklee College of Music,Guitar for Beginners,Unknown,0,English,4.3
Coursera,project-risk-management,"University of California, Irvine",Managing Project Risks and Changes,Unknown,0,English,4.58
Coursera,excellence-operationnelle,ESSEC Business School,L'excellence opérationnelle en pratique,Unknown,0,French,5.0
Coursera,introduction-to-cloud,IBM,Introduction to Cloud Computing,Unknown,0,English,4.0
Coursera,sample-based-learning-methods,Alberta Machine Intelligence Institute,Sample-based Learning Methods,Unknown,0,English,1.0
Coursera,progfun1,École Polytechnique Fédérale de Lausanne,Functional Programming Principles in Scala,Unknown,0,English,4.4
Coursera,environmental-law,The University of North Carolina at Chapel Hill,Introduction to Environmental Law and Policy,Unknown,0,English,5.0
Coursera,exposure-photography,Michigan State University,"Cameras, Exposure, and Photography",Unknown,0,English,4.42
Coursera,democracia,Universitat Autònoma de Barcelona,Democracia y decisiones públicas. Introducción al análisis de políticas públicas,Unknown,0,Spanish,4.78
Coursera,python-functions-files-dictionaries,University of Michigan,"Python Functions, Files, and Dictionaries",Unknown,0,English,4.0
Coursera,anticorrupcion-introduccion,Universidad Nacional Autónoma de México,Anticorrupción: Introducción a conceptos y perspectiva práctica,Unknown,0,Spanish,4.45
Coursera,positive-psychology-applications,University of Pennsylvania,Positive Psychology: Applications and Interventions,Unknown,0,English,3.38
Coursera,introduction-embedded-systems,University of Colorado Boulder,Introduction to Embedded Systems Software and Development Environments,Unknown,0,English,2.0
Coursera,family-planning,University of Florida,Personal & Family Financial Planning,Unknown,0,English,5.0
Coursera,law-student,Yale University,A Law Student's Toolkit,Unknown,0,English,4.53
Coursera,intro-data-science-programacion-estadistica-r,Universidad Nacional Autónoma de México,Introducción a Data Science: Programación Estadística con R,Unknown,0,Spanish,4.85
Coursera,cybersecurity-roles-processes-operating-system-security,IBM,"Cybersecurity Roles, Processes & Operating System Security",Unknown,0,English,2.69
Coursera,computational-neuroscience,University of Washington,Computational Neuroscience,Unknown,0,English,3.86
Coursera,smart-cities,École Polytechnique Fédérale de Lausanne,Smart Cities – Management of Smart Urban Infrastructures,Unknown,0,English,1.0
Coursera,golang-getting-started,"University of California, Irvine",Getting Started with Go,Unknown,0,English,4.6
Coursera,intro-economic-theories,Erasmus University Rotterdam,Introduction to Economic Theories,Unknown,0,English,4.0
Coursera,principles-of-microeconomics,"University of California, Irvine",The Power of Microeconomics: Economic Principles in the Real World,Unknown,0,English,4.31
Coursera,personal-branding,University of Virginia,Introduction to Personal Branding,Unknown,0,English,4.21
Coursera,love-social-justice,Stanford University,Love as a Force for Social Justice,Unknown,0,English,5.0
Coursera,what-is-a-proof,University of California San Diego,Mathematical Thinking in Computer Science,Unknown,0,English,2.0
Coursera,genetics-evolution,Duke University,Introduction to Genetics and Evolution,Unknown,0,English,5.0
Coursera,python-osnovy-programmirovaniya,National Research University Higher School of Economics,Основы программирования на Python,Unknown,0,Russian,4.89
Coursera,wharton-communication-skills,University of Pennsylvania,Improving Communication Skills,Unknown,0,English,5.0
Coursera,introduction-trading-machine-learning-gcp,New York Institute of Finance,"Introduction to Trading, Machine Learning & GCP",Unknown,0,English,4.37
Coursera,python-programming-introduction,Wesleyan University,Python Programming: A Concise Introduction,Unknown,0,English,4.9
Coursera,modern-world-2,University of Virginia,"The Modern World, Part Two: Global History since 1910",Unknown,0,English,4.25
Coursera,plantknows,Tel Aviv University,Understanding Plants - Part I: What a Plant Knows,Unknown,0,English,5.0
Coursera,finanzas-personales,Universidad Nacional Autónoma de México,Finanzas personales,Unknown,0,Spanish,4.78
Coursera,english-composition,Duke University,English Composition I,Unknown,0,English,5.0
Coursera,intro-self-driving-cars,University of Toronto,Introduction to Self-Driving Cars,Unknown,0,English,4.5
Coursera,uva-darden-foundations-business-strategy,University of Virginia,Foundations of Business Strategy,Unknown,0,English,3.82
Coursera,ciencia-computacao-python-conceitos,Universidade de São Paulo,Introdução à Ciência da Computação com Python Parte 1,Unknown,0,Portuguese,4.95
Coursera,stochasticprocesses,National Research University Higher School of Economics,Stochastic processes,Unknown,0,English,2.0
Coursera,foundations-big-data-analysis-sql,Cloudera,Foundations for Big Data Analysis with SQL,Unknown,0,English,5.0
Coursera,innovation-through-design,The University of Sydney,"Innovation Through Design: Think, Make, Break, Repeat",Unknown,0,English,5.0
Coursera,perfect-tenses-modals,"University of California, Irvine",Perfect Tenses and Modals,Unknown,0,English,4.83
Coursera,cloud-azure-intro,LearnQuest,Getting Started with Azure,Unknown,0,English,4.6
Coursera,moralities,Yale University,Moralities of Everyday Life,Unknown,0,English,4.92
Coursera,revisao-sistematica,Universidade Estadual de Campinas,Revisão Sistemática e Meta-análise,Unknown,0,Portuguese,4.97
Coursera,introduction-g-suite,Google Cloud,Introduction to G Suite,Unknown,0,English,4.5
Coursera,aprendiendo-a-aprender,University of California San Diego,Aprendiendo a aprender: Poderosas herramientas mentales con las que podrás dominar temas difíciles (Learning How to Learn),Unknown,0,Spanish,4.82
Coursera,batch-data-pipelines-gcp,Google Cloud,Building Batch Data Pipelines on GCP,Unknown,0,English,1.0
Coursera,financial-planning,University of Illinois at Urbana-Champaign,Financial Planning for Young Adults,Unknown,0,English,4.64
Coursera,quantitative-methods,University of Amsterdam,Quantitative Methods,Unknown,0,English,2.89
Coursera,self-determination-theory,University of Rochester,"Introduction to Self-Determination Theory: An approach to motivation, development and wellness",Unknown,0,English,5.0
Coursera,technology-of-music-production,Berklee College of Music,The Technology of Music Production,Unknown,0,English,4.51
Coursera,intro-programming,The University of Edinburgh,Code Yourself! An Introduction to Programming,Unknown,0,English,4.77
Coursera,wharton-success,University of Pennsylvania,Success,Unknown,0,English,4.76
Coursera,chemicals-health,Johns Hopkins University,Chemicals and Health,Unknown,0,English,4.0
Coursera,statistical-inferences,Eindhoven University of Technology,Improving your statistical inferences,Unknown,0,English,5.0
Coursera,google-machine-learning,Google Cloud,How Google does Machine Learning,Unknown,0,English,5.0
Coursera,object-oriented-design,University of Alberta,Object-Oriented Design,Unknown,0,English,4.0
Coursera,introduction-intellectual-property,University of Pennsylvania,Introduction to Intellectual Property,Unknown,0,English,4.0
Coursera,uva-darden-bcg-pricing-strategy-cost-economics,BCG,Cost and Economics in Pricing Strategy,Unknown,0,English,4.86
Coursera,write-a-feature-length-screenplay-for-film-or-television,Michigan State University,Write A Feature Length Screenplay For Film Or Television,Unknown,0,English,4.0
Coursera,marketing-gerencial,Universidad de Chile,Marketing Gerencial,Unknown,0,English,4.71
Coursera,corporate-finance-essentials,IESE Business School,Corporate Finance Essentials,Unknown,0,English,4.0
Coursera,information-security-data,"Royal Holloway, University of London",Information Security: Context and Introduction,Unknown,0,English,4.0
Coursera,trunk-anatomy,Yale University,"Anatomy of the Chest, Abdomen, and Pelvis",Unknown,0,English,4.94
Coursera,introcss,University of Michigan,Introduction to CSS3,Unknown,0,English,2.0
Coursera,applied-data-science-capstone,IBM,Applied Data Science Capstone,Unknown,0,English,4.0
Coursera,droits-de-lhomme,University of Geneva,Introduction aux Droits de l’Homme,Unknown,0,French,4.68
Coursera,programming-languages,University of Washington,"Programming Languages, Part A",Unknown,0,English,4.63
Coursera,big-history,Macquarie University,Big History: Connecting Knowledge,Unknown,0,English,4.69
Coursera,leadership-21st-century,Copenhagen Business School,Leadership in 21st Century Organizations,Unknown,0,English,2.0
Coursera,software-processes-and-agile-practices,University of Alberta,Software Processes and Agile Practices,Unknown,0,English,4.45
Coursera,devops-culture-and-mindset,"University of California, Davis",DevOps Culture and Mindset,Unknown,0,English,4.79
Coursera,c-plus-plus-white,Moscow Institute of Physics and Technology,Основы разработки на C++: белый пояс,Unknown,0,Russian,4.0
Coursera,covid-19-contact-tracing-for-nursing-professionals,University of Houston,COVID-19 Contact Tracing For Nursing Professionals,Unknown,0,English,5.0
Coursera,epidemiology-tools,Johns Hopkins University,Essential Epidemiologic Tools for Public Health Practice,Unknown,0,English,3.4
Coursera,epigenetics,The University of Melbourne,Epigenetic Control of Gene Expression,Unknown,0,English,1.0
Coursera,plato,University of Pennsylvania,Ancient Philosophy: Plato & His Predecessors,Unknown,0,English,1.0
Coursera,social-innovation,University of Cape Town,Becoming a changemaker: Introduction to Social Innovation,Unknown,0,English,3.0
Coursera,spanish-in-healthcare-settings,Rice University,Spanish for Successful Communication in Healthcare Settings,Unknown,0,English,4.0
Coursera,systems-engineering,UNSW Sydney (The University of New South Wales),Introduction to Systems Engineering,Unknown,0,English,3.0
Coursera,mcmc-bayesian-statistics,"University of California, Santa Cruz",Bayesian Statistics: Techniques and Models,Unknown,0,English,1.0
Coursera,humanrights,Utrecht University,Human Rights for Open Societies,Unknown,0,English,4.0
Coursera,quantum-computing-algorithms,Saint Petersburg State University,The Introduction to Quantum Computing,Unknown,0,English,1.0
Coursera,intercultural,ESCP Business School,Intercultural Management,Unknown,0,English,5.0
Coursera,getinmooc,University of London,Get Interactive: Practical Teaching with Technology,Unknown,0,English,5.0
Coursera,global-financial-markets-instruments,Rice University,Global Financial Markets and Instruments,Unknown,0,English,4.83
Coursera,write-your-first-novel,Michigan State University,Write Your First Novel,Unknown,0,English,3.25
Coursera,enfant-developpement,University of Geneva,Développement psychologique de l'enfant,Unknown,0,French,4.73
Coursera,songwriting-lyrics,Berklee College of Music,Songwriting: Writing the Lyrics,Unknown,0,English,5.0
Coursera,python-plotting,University of Michigan,"Applied Plotting, Charting & Data Representation in Python",Unknown,0,English,3.4
Coursera,systems-thinking,Johns Hopkins University,Systems Thinking In Public Health,Unknown,0,English,4.84
Coursera,excel-advanced,Macquarie University,Excel Skills for Business: Advanced,Unknown,0,English,4.0
Coursera,neuroeconomics,National Research University Higher School of Economics,Introduction to Neuroeconomics: How the Brain Makes Decisions,Unknown,0,English,3.5
Coursera,community-organizing,University of Michigan,Community Organizing for Social Justice,Unknown,0,English,5.0
Coursera,global-financial-crisis,Yale University,The Global Financial Crisis,Unknown,0,English,5.0
Coursera,renewable-energy-entrepreneurship,Duke University,Renewable Energy and Green Building Entrepreneurship,Unknown,0,English,4.51
Coursera,privacy-law-data-protection,University of Pennsylvania,Privacy Law and Data Protection,Unknown,0,English,4.38
Coursera,digital-business-models,Lund University,Digital Business Models,Unknown,0,English,2.6
Coursera,cloud-infrastructure-design-process,Google Cloud,Reliable Google Cloud Infrastructure: Design and Process,Unknown,0,English,3.3
Coursera,big-data-essentials,Yandex,"Big Data Essentials: HDFS, MapReduce and Spark RDD",Unknown,0,English,3.91
Coursera,dermatology,Novosibirsk State University ,Dermatology: Trip to skin,Unknown,0,English,4.53
Coursera,sustainable-tourism,University of Copenhagen,Sustainable Tourism – promoting environmental public health,Unknown,0,English,2.67
Coursera,social-impact,University of Pennsylvania,Social Impact Strategy: Tools for Entrepreneurs and Innovators,Unknown,0,English,4.88
Coursera,c-for-everyone,"University of California, Santa Cruz",C for Everyone: Programming Fundamentals,Unknown,0,English,4.35
Coursera,intro-sql,University of Michigan,Introduction to Structured Query Language (SQL),Unknown,0,English,1.4
Coursera,social-economic-networks,Stanford University,Social and Economic Networks:  Models and Analysis,Unknown,0,English,1.0
Coursera,cats-and-dogs,The University of Edinburgh,The Truth About Cats and Dogs,Unknown,0,English,5.0
Coursera,sports-society,Duke University,Sports and Society,Unknown,0,English,5.0
Coursera,ds,IBM,Fundamentals of Scalable Data Science,Unknown,0,English,3.89
Coursera,django-database-web-apps,University of Michigan,Web Application Technologies and Django,Unknown,0,English,3.6
Coursera,curanderismo-plants,University of New Mexico,Curanderismo: Traditional Healing Using Plants,Unknown,0,English,1.0
Coursera,python-machine-learning,University of Michigan,Applied Machine Learning in Python,Unknown,0,English,4.17
Coursera,troubleshooting-debugging-techniques,Google,Troubleshooting and Debugging Techniques,Unknown,0,English,3.14
Coursera,introduction-programming-unity,University of Colorado System,Introduction to C# Programming and Unity,Unknown,0,English,5.0
Coursera,success,University of Michigan,The Science of Success: What Researchers Know that You Should Know,Unknown,0,English,4.85
Coursera,music-theory,Michigan State University,Getting Started With Music Theory,Unknown,0,English,4.65
Coursera,horse-care,University of Florida,The Horse Course: Introduction to Basic Care and Management,Unknown,0,English,3.83
Coursera,verb-passives,"University of California, Irvine",Verb Tenses and Passives,Unknown,0,English,5.0
Coursera,gestion-organizaciones-efectivas,Pontificia Universidad Católica de Chile,Gestión de organizaciones efectivas,Unknown,0,Spanish,4.24
Coursera,big-data-introduction,University of California San Diego,Introduction to Big Data,Unknown,0,English,3.97
Coursera,philosophy-cognitive-sciences,The University of Edinburgh,Philosophy and the Sciences: Introduction to the Philosophy of Cognitive Sciences,Unknown,0,English,3.5
Coursera,schizophrenia,Wesleyan University,Schizophrenia,Unknown,0,English,4.85
Coursera,ecology-conservation,Howard Hughes Medical Institute ,Ecology: Ecosystem Dynamics and Conservation,Unknown,0,English,5.0
Coursera,game-development,Michigan State University,Introduction to Game Development,Unknown,0,English,4.25
Coursera,practical-time-series-analysis,The State University of New York,Practical Time Series Analysis,Unknown,0,English,4.31
Coursera,vlsi-cad-logic,University of Illinois at Urbana-Champaign,VLSI CAD Part I: Logic,Unknown,0,English,4.68
Coursera,six-sigma-organization-advanced,University System of Georgia,Six Sigma and the Organization (Advanced),Unknown,0,English,5.0
Coursera,machine-learning-duke,Duke University,Introduction to Machine Learning,Unknown,0,English,3.0
Coursera,wharton-launching-startup,University of Pennsylvania,Entrepreneurship 2: Launching your Start-Up,Unknown,0,English,5.0
Coursera,nanotechnology,Duke University,Nanotechnology: A Maker’s Course,Unknown,0,English,5.0
Coursera,creative-problem-solving,University of Minnesota,Creative Problem Solving,Unknown,0,English,2.27
Coursera,sleep,University of Michigan,"Sleep: Neurobiology, Medicine, and Society",Unknown,0,English,3.86
Coursera,covid-19-what-you-need-to-know,Osmosis,COVID-19: What You Need to Know (CME Eligible),Unknown,0,English,4.79
Coursera,classical-sociological-theory,University of Amsterdam,Classical Sociological Theory,Unknown,0,English,4.88
Coursera,electricity,Duke University,Electric Industry Operations and Markets,Unknown,0,English,3.81
Coursera,preparing-cloud-professional-cloud-architect-exam,Google Cloud,Preparing for the Google Cloud Professional Cloud Architect Exam,Unknown,0,English,4.29
Coursera,powerpoint-presentations,PwC,Effective Business Presentations with Powerpoint,Unknown,0,English,3.0
Coursera,wharton-financial-accounting,University of Pennsylvania,More Introduction to Financial Accounting,Unknown,0,English,3.0
Coursera,wharton-cryptocurrency-blockchain-introduction-digital-currency,University of Pennsylvania,Cryptocurrency and Blockchain: An Introduction to Digital Currencies,Unknown,0,English,4.33
Coursera,understanding-arguments,Duke University,Think Again I: How to Understand Arguments,Unknown,0,English,4.66
Coursera,develop-your-musicianship,Berklee College of Music,Developing Your Musicianship,Unknown,0,English,2.5
Coursera,wharton-operations,University of Pennsylvania,Introduction to Operations Management,Unknown,0,English,4.56
Coursera,oralcavity,University of Pennsylvania,The Oral Cavity: Portal to Health and Disease,Unknown,0,English,5.0
Coursera,preparing-cloud-associate-cloud-engineer-exam,Google Cloud,Preparing for the Google Cloud Associate Cloud Engineer Exam,Unknown,0,English,2.82
Coursera,neuroscience-neuroimaging,Johns Hopkins University,Fundamental Neuroscience for Neuroimaging,Unknown,0,English,4.82
Coursera,european-law-fundamentals,Lund University,European Business Law: Understanding the Fundamentals,Unknown,0,English,2.0
Coursera,teachlanguageonline,Arizona State University,Teach English Now! Teaching Language Online,Unknown,0,English,4.29
Coursera,front-end-react,The Hong Kong University of Science and Technology,Front-End Web Development with React,Unknown,0,English,4.43
Coursera,music-business-foundations,Berklee College of Music,Music Business Foundations,Unknown,0,English,4.79
Coursera,intro-business-analytics,University of Illinois at Urbana-Champaign,Introduction to Business Analytics: Communicating with Data,Unknown,0,English,2.5
Coursera,ml-foundations,University of Washington,Machine Learning Foundations: A Case Study Approach,Unknown,0,English,3.59
Coursera,accounting-analytics,University of Pennsylvania,Accounting Analytics,Unknown,0,English,3.5
Coursera,strategic-business-management-microeconomics,"University of California, Irvine",Strategic Business Management - Microeconomics,Unknown,0,English,4.0
Coursera,epidemic-pandemic-outbreak,University of Pittsburgh,"Epidemics, Pandemics and Outbreaks",Unknown,0,English,4.83
Coursera,roman-architecture,Yale University,Roman Architecture,Unknown,0,English,5.0
Coursera,data-management,The University of Edinburgh,Research Data Management and Sharing,Unknown,0,English,3.5
Coursera,introduction-genomics,Johns Hopkins University,Introduction to Genomic Technologies,Unknown,0,English,5.0
Coursera,strategic-management,Copenhagen Business School,Strategic Management,Unknown,0,English,5.0
Coursera,cybersecurity-compliance-framework-system-administration,IBM,Cybersecurity Compliance Framework & System Administration,Unknown,0,English,4.86
Coursera,legal-tech-startups,IE Business School,Legal Tech & Startups,Unknown,0,English,5.0
Coursera,intro-chemistry,Duke University,Introduction to Chemistry:  Reactions and Ratios,Unknown,0,English,4.8
Coursera,stem-cells,American Museum of Natural History,The Science of Stem Cells,Unknown,0,English,4.62
Coursera,the-business-of-product-management-one,Advancing Women in Product,The Business of Product Management I,Unknown,0,English,5.0
Coursera,positive-psychology-resilience,University of Pennsylvania,Positive Psychology: Resilience Skills,Unknown,0,English,3.82
Coursera,ai-for-medical-prognosis,DeepLearning.AI,AI for Medical Prognosis,Unknown,0,English,5.0
Coursera,antibiotic-stewardship,Stanford University,Antibiotic Stewardship,Unknown,0,English,4.0
Coursera,emt-foundations,University of Colorado System,EMT Foundations,Unknown,0,English,4.83
Coursera,iiot-google-cloud-platform,Google Cloud,Industrial IoT on Google Cloud Platform,Unknown,0,English,4.44
Coursera,ibm-penetration-testing-incident-response-forensics,IBM,"Penetration Testing, Incident Response and Forensics",Unknown,0,English,3.0
Coursera,database-management,University of Colorado System,Database Management Essentials,Unknown,0,English,4.31
Coursera,everyday-chinese-medicine,The Chinese University of Hong Kong,Everyday Chinese Medicine,Unknown,0,English,4.88
Coursera,fundamental-machine-learning-healthcare,Stanford University,Fundamentals of Machine Learning for Healthcare,Unknown,0,English,5.0
Coursera,magic-middle-ages,Universitat de Barcelona,Magic in the Middle Ages,Unknown,0,English,4.39
Coursera,challenging-forensic-science,University of Lausanne,Challenging Forensic Science: How Science Should Speak to Court,Unknown,0,English,5.0
Coursera,exploring-renewable-energy,University of Pennsylvania,Exploring Renewable Energy Schemes,Unknown,0,English,5.0
Coursera,theropods-birds,University of Alberta,Paleontology: Theropod Dinosaurs and the Origin of Birds,Unknown,0,English,5.0
Coursera,corporatestrategy,UCL School of Management,Corporate Strategy,Unknown,0,English,4.57
Coursera,getting-started-with-essay-writing,"University of California, Irvine",Getting Started with Essay Writing,Unknown,0,English,4.09
Coursera,actualizacion-manejo-diabetes-tipo-2,Universidad Nacional Autónoma de México,Actualización en el manejo del paciente con diabetes mellitus tipo 2,Unknown,0,Spanish,4.8
Coursera,mastering-final-cut-pro,LearnQuest,Mastering Final Cut Pro,Unknown,0,English,2.0
Coursera,tricky-american-english-pronunciation,"University of California, Irvine",Tricky American English Pronunciation,Unknown,0,English,5.0
Coursera,uva-darden-agile-team-management,University of Virginia,Managing an Agile Team,Unknown,0,English,1.5
Coursera,competencias-lab,Universidad de Chile,"Competencias Laborales: Perfiles, Evaluación y Capacitación.",Unknown,0,Spanish,3.54
Coursera,getting-started-with-tensor-flow2,Imperial College London,Getting started with TensorFlow 2,Unknown,0,English,4.0
Coursera,geopolitics-europe,Sciences Po,Geopolitics of Europe,Unknown,0,English,2.0
Coursera,truthinourbones-osteoarchaeology-archaeology,Universiteit Leiden,Osteoarchaeology: The Truth in Our Bones,Unknown,0,English,3.68
Coursera,pca-machine-learning,Imperial College London,Mathematics for Machine Learning: PCA,Unknown,0,English,3.18
Coursera,object-oriented-java,University of California San Diego,Object Oriented Programming in Java,Unknown,0,English,3.4
Coursera,embedded-software-hardware,University of Colorado Boulder,Embedded Software and Hardware Architecture,Unknown,0,English,4.69
Coursera,memoir-reader-relationship,Wesleyan University,Memoir and Personal Essay: Managing Your Relationship with the Reader,Unknown,0,English,4.0
Coursera,mathematics-and-python,Moscow Institute of Physics and Technology,Математика и Python для анализа данных,Unknown,0,Russian,2.0
Coursera,aulaconstructivista,Pontificia Universidad Católica de Chile,Hacia una práctica constructivista en el aula,Unknown,0,Spanish,4.86
Coursera,uva-darden-agile-testing,University of Virginia,Hypothesis-Driven Development,Unknown,0,English,3.0
Coursera,spectroscopy,University of Manchester   ,Introduction to Molecular Spectroscopy,Unknown,0,English,4.47
Coursera,managing-as-a-coach,"University of California, Davis",Managing as a Coach,Unknown,0,English,3.4
